date,pm25,pm10,so2,no2,co,o3,aqi
1/1/2014,71,124,6,40,28,22,158
1/2/2014,186,144,8,39,43,69,236
1/3/2014,227,151,12,25,28,24,277
1/4/2014,253,37,13,20,13,19,302
1/5/2014,71,115,5,35,33,65,158
1/6/2014,188,85,3,30,27,46,238
1/7/2014,167,80,10,28,27,20,217
1/8/2014,163,75,7,23,22,29,213
1/9/2014,165,103,12,32,32,21,215
1/10/2014,189,115,6,20,25,17,239
1/11/2014,206,69,5,17,20,19,256
1/12/2014,150,59,6,17,17,32,200
1/13/2014,133,77,9,27,21,93,191
1/14/2014,162,85,11,35,22,96,212
1/15/2014,171,90,10,37,23,104,221
1/16/2014,179,100,6,29,28,54,229
1/17/2014,191,102,9,36,31,65,241
1/18/2014,194,102,16,35,28,66,244
1/19/2014,199,37,13,20,13,19,249
1/20/2014,71,100,22,57,39,19,158
1/21/2014,179,91,13,41,28,55,229
1/22/2014,180,108,10,47,30,33,230
1/23/2014,183,94,2,34,24,35,233
1/24/2014,166,101,3,31,26,19,216
1/25/2014,183,97,5,29,26,17,233
1/26/2014,181,85,4,34,29,23,231
1/27/2014,167,65,3,29,24,23,217
1/28/2014,153,69,3,28,25,18,203
1/29/2014,154,76,3,22,23,27,204
1/30/2014,164,61,2,15,16,34,214
1/31/2014,134,38,2,16,13,21,191
2/1/2014,101,39,2,18,14,20,174
2/2/2014,101,37,2,20,14,20,174
2/3/2014,94,33,2,17,13,23,170
2/4/2014,84,31,2,15,14,17,165
2/5/2014,84,37,2,17,18,19,165
2/6/2014,99,29,2,17,20,15,173
2/7/2014,81,43,2,16,19,10,163
2/8/2014,120,46,2,14,17,12,184
2/9/2014,125,47,1,15,15,19,187
2/10/2014,127,62,1,14,14,23,188
2/11/2014,159,86,1,27,23,14,209
2/12/2014,183,62,4,18,16,25,233
2/13/2014,154,76,7,27,18,29,204
2/14/2014,168,96,8,37,24,18,218
2/15/2014,187,107,3,24,21,20,237
2/16/2014,209,84,1,26,31,13,259
2/17/2014,182,54,1,16,30,14,232
2/18/2014,125,56,2,18,19,24,187
2/19/2014,128,72,2,28,19,36,188
2/20/2014,147,81,4,38,27,17,198
2/21/2014,161,68,4,26,26,8,211
2/22/2014,160,55,3,21,28,3,210
2/23/2014,145,68,2,29,27,9,197
2/24/2014,148,57,1,27,25,8,199
2/25/2014,133,65,2,27,22,1,191
2/26/2014,154,57,2,30,30,3,204
2/27/2014,140,47,1,22,25,10,195
2/28/2014,121,39,13,17,14,3,185
3/1/2014,106,83,2,30,26,5,177
3/2/2014,166,68,2,25,30,7,216
3/3/2014,158,71,2,21,25,4,208
3/4/2014,162,72,2,23,26,6,212
3/5/2014,160,55,2,28,36,3,210
3/6/2014,139,37,2,18,29,1,194
3/7/2014,107,30,2,16,25,1,177
3/8/2014,90,39,1,16,15,4,168
3/9/2014,97,52,1,17,17,2,172
3/10/2014,125,69,2,22,26,2,187
3/11/2014,153,56,2,25,29,4,203
3/12/2014,132,52,2,19,24,7,190
3/13/2014,138,73,2,26,18,11,193
3/14/2014,160,67,3,34,22,11,210
3/15/2014,147,50,2,25,19,8,198
3/16/2014,121,74,4,27,33,1,185
3/17/2014,157,48,2,21,23,2,207
3/18/2014,117,51,2,27,30,1,182
3/19/2014,124,59,2,26,28,2,186
3/20/2014,146,53,1,19,12,16,198
3/21/2014,131,44,1,22,14,7,190
3/22/2014,115,45,1,19,22,3,181
3/23/2014,122,47,2,30,22,9,185
3/24/2014,118,61,2,28,19,14,183
3/25/2014,133,57,2,28,23,7,191
3/26/2014,132,57,2,25,23,4,190
3/27/2014,131,44,2,20,23,4,190
3/28/2014,104,41,2,19,25,1,176
3/29/2014,101,50,2,24,21,5,174
3/30/2014,122,62,2,30,23,11,185
3/31/2014,147,64,2,33,28,6,198
4/1/2014,147,73,2,30,26,6,198
4/2/2014,164,56,5,26,28,4,214
4/3/2014,138,66,8,30,26,12,193
4/4/2014,148,66,7,35,30,5,199
4/5/2014,154,44,7,31,20,17,204
4/6/2014,107,31,8,36,24,13,177
4/7/2014,75,47,13,30,27,11,160
4/8/2014,113,43,14,25,20,9,180
4/9/2014,104,36,14,21,22,4,176
4/10/2014,88,39,14,19,23,3,167
4/11/2014,93,45,15,20,22,3,170
4/12/2014,107,45,15,20,21,2,177
4/13/2014,107,54,16,23,28,1,177
4/14/2014,126,45,15,16,21,2,187
4/15/2014,106,42,15,17,19,3,177
4/16/2014,96,49,15,21,25,3,171
4/17/2014,111,47,16,21,26,3,179
4/18/2014,110,45,16,18,24,1,179
4/19/2014,106,39,16,20,24,1,177
4/20/2014,96,38,15,16,22,2,171
4/21/2014,94,46,16,18,30,1,170
4/22/2014,109,43,16,15,27,1,178
4/23/2014,109,47,16,20,28,1,178
4/24/2014,111,51,17,22,27,1,179
4/25/2014,118,48,16,26,22,2,183
4/26/2014,105,38,15,15,17,16,176
4/27/2014,91,62,12,16,26,9,169
4/28/2014,136,81,7,17,24,8,192
4/29/2014,165,50,6,14,12,22,215
4/30/2014,116,74,6,14,15,31,182
5/1/2014,158,66,7,18,16,36,208
5/2/2014,136,58,7,18,19,11,192
5/3/2014,126,70,6,16,16,18,187
5/4/2014,134,39,7,16,13,35,191
5/5/2014,88,60,8,20,17,30,167
5/6/2014,131,74,11,24,29,11,190
5/7/2014,155,54,6,22,27,14,205
5/8/2014,124,53,7,27,21,26,186
5/9/2014,101,48,8,24,17,27,174
5/10/2014,78,61,8,24,14,70,162
5/11/2014,110,66,8,32,24,12,179
5/12/2014,134,60,7,30,20,23,191
5/13/2014,110,62,9,32,17,40,179
5/14/2014,101,54,9,27,16,35,174
5/15/2014,108,67,7,32,23,8,178
5/16/2014,133,48,9,28,17,13,191
5/17/2014,93,61,6,17,13,14,170
5/18/2014,117,58,10,33,28,31,182
5/19/2014,106,42,7,22,20,12,177
5/20/2014,85,49,7,20,17,14,166
5/21/2014,85,50,8,23,17,17,166
5/22/2014,73,58,8,26,16,19,159
5/23/2014,95,58,7,22,14,18,171
5/24/2014,108,54,6,17,12,10,178
5/25/2014,105,55,7,21,24,15,176
5/26/2014,104,48,6,24,23,7,176
5/27/2014,99,47,7,30,24,12,173
5/28/2014,96,65,6,16,23,5,171
5/29/2014,137,68,6,20,20,8,193
5/30/2014,119,39,7,17,17,12,183
5/31/2014,76,59,6,5,14,10,161
6/1/2014,105,53,7,17,16,22,176
6/2/2014,101,55,7,24,17,14,174
6/3/2014,101,59,6,18,19,16,174
6/4/2014,113,93,7,25,23,25,180
6/5/2014,177,45,8,27,21,17,227
6/6/2014,92,41,7,21,13,37,169
6/7/2014,92,49,7,19,14,37,169
6/8/2014,106,67,8,30,21,34,177
6/9/2014,126,68,8,28,21,13,187
6/10/2014,141,37,13,20,13,19,195
6/17/2014,71,56,7,41,28,7,158
6/18/2014,117,62,6,32,27,6,182
6/19/2014,122,54,7,23,20,11,185
6/20/2014,97,61,6,27,20,31,172
6/21/2014,111,49,6,17,15,8,179
6/22/2014,118,74,6,32,31,22,183
6/23/2014,151,82,6,37,26,10,201
6/24/2014,162,61,6,34,27,5,212
6/25/2014,115,54,7,22,19,17,181
6/26/2014,105,62,7,27,19,15,176
6/27/2014,125,40,7,24,17,10,187
6/28/2014,89,57,7,28,18,7,168
6/29/2014,116,53,7,21,17,7,182
6/30/2014,119,38,7,23,20,6,183
7/1/2014,92,44,7,25,21,6,169
7/2/2014,95,26,7,24,19,6,171
7/3/2014,57,20,7,27,18,6,151
7/4/2014,54,24,7,23,19,6,147
7/5/2014,71,30,7,28,20,6,158
7/6/2014,90,16,7,28,20,6,168
7/7/2014,55,25,7,21,15,18,149
7/8/2014,73,36,8,27,21,4,159
7/9/2014,80,39,9,21,19,15,163
7/10/2014,85,55,8,24,23,4,166
7/11/2014,110,43,10,17,18,2,179
7/12/2014,96,19,9,7,10,2,171
7/13/2014,53,37,13,20,13,19,144
7/15/2014,71,44,9,29,25,2,158
7/16/2014,80,36,8,27,27,2,163
7/17/2014,83,52,9,14,12,23,165
7/18/2014,114,43,8,12,9,6,181
7/19/2014,92,18,8,16,14,3,169
7/20/2014,48,13,8,24,23,3,132
7/21/2014,46,20,9,34,21,10,127
7/22/2014,67,17,9,22,17,30,156
7/23/2014,59,25,10,30,20,26,152
7/24/2014,79,17,8,11,7,3,162
7/25/2014,64,37,13,20,13,19,155
7/27/2014,71,20,10,31,26,6,158
7/28/2014,69,18,9,23,18,13,157
7/29/2014,64,21,9,20,17,8,155
7/30/2014,71,30,10,31,22,9,158
7/31/2014,94,12,10,26,21,4,170
8/1/2014,47,13,10,24,17,13,129
8/2/2014,50,18,10,19,12,21,137
8/3/2014,59,29,10,24,18,17,152
8/4/2014,86,36,10,21,21,3,166
8/5/2014,108,37,9,24,23,2,178
8/6/2014,71,37,10,27,29,3,158
8/7/2014,71,37,10,27,21,4,158
8/8/2014,71,37,10,25,21,6,158
8/9/2014,71,37,11,10,18,7,158
8/10/2014,71,37,11,20,20,4,158
8/11/2014,71,37,11,19,16,26,158
8/12/2014,71,37,9,15,10,16,158
8/13/2014,71,37,10,19,13,25,158
8/14/2014,71,37,10,20,15,6,158
8/15/2014,71,37,11,25,20,4,158
8/17/2014,71,37,11,32,26,4,158
8/18/2014,71,37,10,17,17,4,158
8/19/2014,71,37,10,23,19,15,158
8/20/2014,71,53,15,42,29,7,158
8/21/2014,118,45,11,23,25,4,183
8/22/2014,100,44,12,21,18,3,173
8/23/2014,85,48,12,21,22,3,166
8/24/2014,108,36,12,23,22,3,178
8/25/2014,84,37,11,18,18,4,165
8/26/2014,71,41,11,17,14,9,158
8/27/2014,94,38,11,13,9,12,170
8/28/2014,94,23,10,16,16,6,170
8/29/2014,63,38,11,21,14,10,154
8/30/2014,86,59,12,22,18,25,166
8/31/2014,127,44,12,16,13,5,188
9/1/2014,105,30,11,20,21,4,176
9/2/2014,75,52,11,23,23,4,160
9/3/2014,117,54,13,30,25,5,182
9/4/2014,109,40,13,26,25,3,178
9/5/2014,72,48,13,23,23,3,159
9/6/2014,90,54,13,25,18,37,168
9/7/2014,110,74,13,34,27,20,179
9/8/2014,158,56,13,29,23,15,208
9/9/2014,121,48,13,21,20,4,185
9/10/2014,99,43,13,24,21,3,173
9/11/2014,85,47,13,24,24,3,166
9/12/2014,94,48,13,26,20,8,170
9/13/2014,94,51,13,26,18,14,170
9/14/2014,111,44,13,23,15,19,179
9/15/2014,103,42,13,11,10,18,175
9/16/2014,106,22,13,12,11,19,177
9/17/2014,59,30,13,19,21,5,152
9/18/2014,75,60,13,27,26,5,160
9/19/2014,133,45,13,20,20,4,191
9/20/2014,103,36,13,22,16,19,175
9/21/2014,87,57,13,19,14,6,167
9/22/2014,130,57,13,44,13,41,189
9/23/2014,117,74,13,30,13,23,182
9/24/2014,146,88,13,20,28,40,198
9/25/2014,173,78,13,52,26,3,223
9/26/2014,160,57,13,26,24,3,210
9/27/2014,132,43,13,19,18,3,190
9/28/2014,104,36,13,17,25,2,176
9/29/2014,81,37,13,25,20,7,163
9/30/2014,89,42,13,29,24,5,168
10/1/2014,103,37,13,29,24,12,175
10/2/2014,94,41,13,32,25,16,170
10/3/2014,104,31,13,25,22,14,176
10/4/2014,83,12,13,13,10,7,165
10/5/2014,43,24,13,20,12,35,119
10/6/2014,75,25,13,33,19,25,160
10/7/2014,75,34,13,32,23,31,160
10/8/2014,96,38,13,34,22,31,171
10/9/2014,106,39,13,37,30,38,177
10/10/2014,109,45,13,26,22,30,178
10/11/2014,123,37,13,20,13,19,186
10/12/2014,71,8,13,37,19,25,158
10/13/2014,28,11,13,38,20,28,84
10/14/2014,38,37,13,33,19,29,107
10/15/2014,71,37,13,39,25,27,158
10/16/2014,71,37,13,32,31,15,158
10/17/2014,71,37,13,29,21,15,158
10/18/2014,71,37,13,29,20,14,158
10/19/2014,71,37,13,26,23,12,158
10/20/2014,71,37,13,26,26,15,158
10/21/2014,71,37,13,15,14,6,158
10/22/2014,71,37,13,20,17,9,158
10/23/2014,71,37,13,24,18,10,158
10/24/2014,71,37,13,15,17,11,158
10/27/2014,71,37,13,22,27,14,158
10/28/2014,71,37,13,15,18,4,158
10/29/2014,71,37,13,14,20,8,158
10/30/2014,71,37,13,15,23,4,158
10/31/2014,71,37,13,14,19,4,158
11/1/2014,71,37,13,13,13,5,158
11/2/2014,71,37,13,17,12,5,158
11/3/2014,71,37,13,26,18,12,158
11/4/2014,71,37,13,31,27,18,158
11/5/2014,71,37,13,14,17,10,158
11/6/2014,71,37,13,11,12,3,158
11/7/2014,71,37,13,14,11,3,158
11/8/2014,71,37,13,14,13,2,158
11/9/2014,71,37,13,13,22,19,158
11/10/2014,71,37,13,11,16,17,158
11/11/2014,71,37,13,14,12,9,158
11/12/2014,71,37,13,17,12,23,158
11/13/2014,71,37,13,24,14,27,158
11/14/2014,71,37,13,27,17,15,158
11/15/2014,71,37,13,15,12,21,158
11/16/2014,71,37,13,17,13,15,158
11/17/2014,71,37,13,16,12,17,158
11/18/2014,71,37,13,20,17,30,158
11/19/2014,71,37,13,31,19,27,158
11/20/2014,71,37,13,36,24,20,158
11/21/2014,71,37,13,26,18,24,158
11/22/2014,71,37,13,25,17,43,158
11/23/2014,71,37,13,23,21,67,158
11/24/2014,71,37,13,24,17,73,158
11/25/2014,71,37,13,19,14,189,158
11/26/2014,71,37,13,18,19,189,158
11/27/2014,71,37,13,16,16,185,158
11/28/2014,71,37,13,14,10,196,158
11/29/2014,71,37,13,18,16,181,158
11/30/2014,71,37,13,21,17,118,158
12/1/2014,71,37,13,15,14,20,158
12/2/2014,71,37,13,15,15,10,158
12/3/2014,71,37,13,17,14,9,158
12/4/2014,71,37,13,23,14,12,158
12/5/2014,71,37,13,25,15,11,158
12/6/2014,71,37,13,13,9,11,158
12/7/2014,71,37,13,24,12,15,158
12/8/2014,71,37,13,31,21,8,158
12/9/2014,71,37,13,16,13,9,158
12/10/2014,71,37,13,17,12,9,158
12/11/2014,71,37,13,14,11,9,158
12/12/2014,71,37,13,22,15,10,158
12/13/2014,71,37,13,31,16,10,158
12/14/2014,71,37,13,30,18,10,158
12/15/2014,71,37,13,21,11,10,158
12/16/2014,71,37,13,20,13,10,158
12/17/2014,71,37,13,27,26,10,158
12/18/2014,71,37,13,30,37,10,158
12/19/2014,71,37,13,31,23,10,158
12/20/2014,71,37,13,21,14,10,158
12/21/2014,71,37,13,23,17,10,158
12/22/2014,71,37,13,35,23,10,158
12/23/2014,71,37,13,43,31,10,158
12/24/2014,71,37,13,39,31,11,158
12/25/2014,71,37,13,25,27,11,158
12/26/2014,71,37,4,15,14,10,158
1/3/2016,71,37,6,20,23,17,158
1/4/2016,188,37,6,19,22,23,238
1/5/2016,168,37,13,20,13,19,218
1/10/2016,71,37,6,14,13,7,158
1/11/2016,99,6,6,16,24,25,173
1/12/2016,30,4,6,14,19,13,88
1/13/2016,14,3,6,10,18,11,54
1/14/2016,9,1,6,7,9,11,38
1/15/2016,6,37,13,20,13,19,25
1/18/2016,71,7,6,3,13,5,158
1/19/2016,20,6,6,20,10,11,67
1/20/2016,20,5,6,20,13,10,67
1/21/2016,18,2,6,20,11,10,63
1/22/2016,6,3,6,20,5,20,25
1/23/2016,8,4,6,20,2,28,33
1/24/2016,12,42,6,5,5,15,50
1/25/2016,78,37,6,20,4,14,162
1/26/2016,71,30,6,1,8,17,158
1/27/2016,87,9,6,20,12,14,167
1/28/2016,41,37,13,20,13,19,114
2/18/2016,71,9,6,26,14,18,158
2/19/2016,34,9,6,31,16,12,97
2/20/2016,27,37,13,20,13,19,82
2/21/2016,71,5,6,25,17,16,158
2/22/2016,16,3,6,16,10,15,59
2/23/2016,10,37,6,16,9,19,42
2/24/2016,71,37,7,12,6,14,158
2/25/2016,71,72,6,17,20,12,158
2/26/2016,159,60,7,16,14,19,209
2/27/2016,143,80,7,22,16,30,196
2/28/2016,157,83,7,27,17,29,207
2/29/2016,150,99,7,31,25,40,200
3/1/2016,167,37,13,20,13,19,217
3/3/2016,71,54,7,21,19,2,158
3/4/2016,123,44,7,14,25,4,186
3/5/2016,114,56,7,13,14,22,181
3/6/2016,137,49,7,9,13,20,193
3/7/2016,118,34,7,6,21,74,183
3/8/2016,89,43,7,11,20,54,168
3/9/2016,104,37,7,14,11,14,176
3/10/2016,70,54,7,19,13,19,158
3/11/2016,101,61,7,17,16,14,174
3/12/2016,143,53,7,14,11,19,196
3/13/2016,132,62,7,23,16,16,190
3/14/2016,134,61,7,23,19,19,191
3/15/2016,136,52,7,20,22,18,192
3/16/2016,125,53,7,18,21,17,187
3/17/2016,126,53,7,12,21,50,187
3/18/2016,134,56,7,10,20,60,191
3/19/2016,136,33,7,6,5,4,192
3/20/2016,98,54,7,6,16,52,172
3/21/2016,125,48,7,6,24,67,187
3/22/2016,115,45,7,7,15,23,181
3/23/2016,110,37,13,20,13,19,179
3/30/2016,71,63,13,18,26,3,158
3/31/2016,148,60,13,12,24,15,199
4/1/2016,139,33,13,8,16,38,194
4/2/2016,89,44,13,7,12,26,168
4/3/2016,102,43,13,7,17,25,175
4/4/2016,95,45,13,6,14,28,171
4/5/2016,100,46,13,7,14,50,173
4/6/2016,101,51,13,5,19,47,174
4/7/2016,112,44,13,9,23,46,180
4/8/2016,106,53,13,6,9,17,177
4/9/2016,125,37,13,20,13,19,187
4/12/2016,71,63,13,22,26,32,158
4/13/2016,141,64,13,17,24,101,195
4/14/2016,143,60,13,12,21,118,196
4/15/2016,143,37,13,20,13,19,196
4/18/2016,71,48,13,11,18,19,158
4/19/2016,98,30,13,11,11,19,172
4/20/2016,74,40,13,10,24,29,160
4/21/2016,91,24,13,15,26,36,169
4/22/2016,66,37,13,20,13,19,156
4/24/2016,71,30,13,13,26,74,158
4/25/2016,62,42,13,10,27,97,153
4/26/2016,86,48,13,8,31,161,166
4/27/2016,102,46,13,14,31,114,175
4/28/2016,92,50,13,11,43,95,169
4/29/2016,116,44,13,9,31,96,182
4/30/2016,104,23,13,8,21,66,176
5/1/2016,64,27,13,3,8,151,155
5/2/2016,77,37,13,20,13,19,161
5/8/2016,71,38,13,8,28,122,158
5/9/2016,85,38,13,10,25,167,166
5/10/2016,85,49,13,13,30,116,166
5/11/2016,102,38,12,14,33,131,175
5/12/2016,84,31,12,12,23,159,165
5/13/2016,72,27,11,6,21,128,159
5/14/2016,61,34,11,5,18,145,153
5/15/2016,74,39,11,9,15,52,160
5/16/2016,71,37,11,12,25,43,158
5/17/2016,71,14,11,9,27,76,158
5/18/2016,29,13,11,6,26,166,86
5/19/2016,27,12,11,7,21,159,82
5/20/2016,26,4,11,6,17,136,80
5/21/2016,13,5,11,8,30,111,52
5/22/2016,15,5,11,9,37,94,56
5/23/2016,15,4,11,4,27,131,56
5/24/2016,13,5,11,5,32,133,52
5/25/2016,15,34,11,2,22,155,56
5/26/2016,76,25,11,4,34,156,161
5/27/2016,53,14,11,6,25,146,144
5/28/2016,25,6,11,4,26,150,78
5/29/2016,18,4,11,5,36,116,63
5/30/2016,13,6,11,5,22,83,52
5/31/2016,14,6,11,4,19,62,54
6/1/2016,11,9,11,5,20,45,46
6/2/2016,14,6,12,5,20,36,54
6/3/2016,10,4,11,5,25,33,42
6/4/2016,8,37,13,20,13,19,33
6/6/2016,71,4,12,15,29,22,158
6/7/2016,8,37,13,20,13,19,33
6/21/2016,71,63,13,4,24,20,158
6/22/2016,150,38,13,5,28,33,200
6/23/2016,78,36,13,7,27,23,162
6/24/2016,72,37,13,9,26,23,159
6/25/2016,79,40,13,9,18,21,162
6/26/2016,79,28,13,8,26,25,162
6/27/2016,69,33,13,8,26,26,157
6/28/2016,73,35,13,3,28,8,159
6/29/2016,81,30,13,2,36,8,163
6/30/2016,73,22,13,2,18,8,159
7/1/2016,52,28,13,3,17,8,142
7/2/2016,59,37,13,20,13,19,152
7/6/2016,71,29,13,5,38,8,158
7/7/2016,68,59,13,2,24,8,157
7/8/2016,142,37,13,20,13,19,196
7/12/2016,71,38,13,5,13,8,158
7/13/2016,88,29,13,9,29,9,167
7/14/2016,71,34,13,11,20,9,158
7/15/2016,71,6,13,6,14,8,158
7/16/2016,15,37,13,20,13,19,56
7/25/2016,71,25,15,25,13,8,158
7/26/2016,50,35,13,15,10,8,137
7/27/2016,59,37,13,20,13,19,152
8/7/2016,71,29,13,15,14,9,158
8/8/2016,63,31,14,13,16,9,154
8/9/2016,69,30,14,8,15,9,157
8/10/2016,71,29,13,10,18,9,158
8/11/2016,74,19,12,9,14,9,160
8/12/2016,56,17,12,7,13,9,150
8/13/2016,45,7,12,9,18,9,124
8/14/2016,21,9,12,8,11,10,69
8/15/2016,27,37,13,20,13,19,82
8/16/2016,71,37,12,8,21,9,158
8/17/2016,71,37,12,8,16,10,158
8/19/2016,71,37,13,8,19,9,158
8/21/2016,71,32,13,8,25,9,158
8/22/2016,77,35,13,9,21,9,161
8/23/2016,85,46,13,9,17,9,166
8/24/2016,100,56,13,9,17,9,173
8/25/2016,117,55,13,10,16,9,182
8/26/2016,112,28,13,8,11,9,180
8/27/2016,66,20,13,7,14,9,156
8/28/2016,56,45,13,12,22,9,150
8/29/2016,99,63,13,18,26,10,173
8/30/2016,136,51,13,15,24,10,192
8/31/2016,108,31,13,11,19,9,178
9/1/2016,64,21,13,7,10,10,155
9/2/2016,56,36,13,10,15,10,150
9/3/2016,82,53,13,11,17,13,164
9/4/2016,121,55,13,12,19,13,185
9/5/2016,128,47,13,9,21,18,188
9/6/2016,112,30,13,10,21,10,180
9/7/2016,80,47,14,11,26,13,163
9/8/2016,105,44,14,14,26,11,176
9/9/2016,86,39,13,2,9,9,166
9/10/2016,86,37,13,20,13,19,166
9/13/2016,71,50,13,17,31,7,158
9/14/2016,91,54,12,8,17,7,169
9/15/2016,123,37,13,20,13,19,186
10/4/2016,71,65,11,20,54,7,158
10/5/2016,146,62,14,11,44,5,198
10/6/2016,120,36,14,11,35,6,184
10/7/2016,78,37,13,20,13,19,162
10/10/2016,71,2,14,17,44,4,158
10/11/2016,6,37,14,12,29,5,25
10/12/2016,71,60,12,7,44,1,158
10/13/2016,139,55,13,4,22,1,194
10/14/2016,132,37,13,20,13,19,190
10/17/2016,71,44,13,25,19,2,158
10/18/2016,76,34,14,42,32,1,161
10/19/2016,49,38,16,72,59,2,134
10/20/2016,75,37,13,20,13,19,160
10/22/2016,71,52,14,49,53,4,158
10/23/2016,115,37,13,20,13,19,181
10/24/2016,71,30,13,32,13,3,158
10/25/2016,75,29,13,31,41,11,160
10/26/2016,70,34,13,31,37,3,158
10/27/2016,78,39,14,45,47,6,162
10/28/2016,84,41,14,45,37,4,165
10/29/2016,92,26,14,34,21,2,169
10/30/2016,74,31,13,33,28,1,160
10/31/2016,83,23,14,31,24,1,165
11/1/2016,65,31,17,33,28,1,155
11/2/2016,80,37,15,52,47,2,163
11/3/2016,84,71,15,46,36,1,165
11/4/2016,163,58,14,63,50,2,213
11/5/2016,121,59,15,57,54,2,185
11/6/2016,135,61,15,48,65,2,192
11/7/2016,139,29,10,17,33,16,194
11/8/2016,78,10,9,5,19,17,162
11/9/2016,37,21,9,6,22,19,104
11/10/2016,61,42,10,14,35,28,153
11/11/2016,99,68,13,13,58,45,173
11/12/2016,154,56,10,9,42,44,204
11/13/2016,130,30,9,5,40,20,189
11/14/2016,75,35,10,6,47,23,160
11/15/2016,75,39,10,6,54,25,160
11/16/2016,87,44,15,10,54,29,167
11/17/2016,96,51,12,8,57,33,171
11/18/2016,114,52,13,13,49,53,181
11/19/2016,123,44,12,10,37,41,186
11/20/2016,109,42,12,13,59,44,178
11/21/2016,98,36,12,7,57,36,172
11/22/2016,87,27,13,8,46,33,167
11/23/2016,70,26,12,5,24,23,158
11/24/2016,72,35,13,8,29,23,159
11/25/2016,95,25,12,6,20,16,171
11/26/2016,63,39,14,14,27,35,154
11/27/2016,96,51,21,19,38,41,171
11/28/2016,120,48,17,17,44,21,184
11/29/2016,115,39,15,13,25,30,181
11/30/2016,100,35,14,13,32,35,173
12/1/2016,90,37,13,20,13,19,168
12/3/2016,71,78,15,18,102,40,158
12/4/2016,169,69,22,13,56,67,219
12/5/2016,164,45,18,10,35,30,214
12/6/2016,143,52,23,15,54,48,196
12/7/2016,131,61,19,15,77,43,190
12/8/2016,144,69,26,25,59,79,197
12/9/2016,164,62,28,24,58,42,214
12/10/2016,152,64,19,20,46,57,202
12/11/2016,154,43,12,10,44,31,204
12/12/2016,114,33,15,8,50,30,181
12/13/2016,90,31,14,7,31,18,168
12/14/2016,91,24,10,7,25,14,169
12/15/2016,76,42,15,10,39,22,161
12/16/2016,112,46,22,16,52,25,180
12/17/2016,119,60,28,15,56,34,183
12/18/2016,156,62,20,5,76,49,206
12/19/2016,147,28,11,2,44,18,198
12/20/2016,81,31,14,3,52,19,163
12/21/2016,85,25,14,4,31,15,166
12/22/2016,72,43,18,11,50,27,159
12/23/2016,113,29,15,6,53,19,180
12/24/2016,82,13,12,3,38,15,164
12/25/2016,42,10,13,4,48,14,117
12/26/2016,31,3,12,8,25,11,91
12/27/2016,8,25,16,12,50,25,33
12/28/2016,62,57,24,13,53,28,153
12/29/2016,139,58,22,15,61,29,194
12/30/2016,143,75,23,17,58,38,196
12/31/2016,171,37,13,20,13,19,221
1/1/2017,71,60,12,6,70,23,158
1/2/2017,158,61,17,11,69,36,208
1/3/2017,159,42,18,8,66,20,209
1/4/2017,115,26,12,6,28,9,181
1/5/2017,80,35,12,7,48,15,163
1/6/2017,102,37,12,9,40,20,175
1/7/2017,104,35,14,7,44,15,176
1/8/2017,104,26,13,4,54,15,176
1/9/2017,81,35,12,20,85,17,163
1/10/2017,106,18,10,4,40,10,177
1/11/2017,65,6,8,5,20,1,155
1/12/2017,24,37,13,20,13,19,76
1/16/2017,71,31,10,20,16,19,158
1/17/2017,84,44,11,13,35,21,165
1/18/2017,115,56,14,5,70,21,181
1/19/2017,147,32,13,6,40,9,198
1/20/2017,82,40,13,7,27,9,164
1/21/2017,114,42,15,6,23,8,181
1/22/2017,120,37,13,20,13,19,184
1/23/2017,71,49,17,21,71,19,158
1/24/2017,129,52,14,14,51,21,189
1/25/2017,141,47,14,15,47,18,195
1/26/2017,129,39,13,10,32,15,189
1/27/2017,112,26,10,6,16,13,180
1/28/2017,81,17,10,6,20,4,163
1/29/2017,62,19,12,7,20,6,153
1/30/2017,68,26,12,9,33,9,157
1/31/2017,82,23,14,6,34,6,164
2/1/2017,76,26,13,8,39,4,161
2/2/2017,80,24,14,7,40,4,163
2/3/2017,77,21,11,7,23,9,161
2/4/2017,70,25,11,7,30,5,158
2/5/2017,78,22,12,8,37,3,162
2/6/2017,71,19,12,6,28,3,158
2/7/2017,62,21,13,6,37,4,153
2/8/2017,63,17,12,9,29,3,154
2/9/2017,59,123,15,11,18,7,152
2/10/2017,98,44,15,12,13,9,172
2/11/2017,125,44,15,14,13,12,187
2/12/2017,123,47,23,22,13,13,186
2/13/2017,128,50,14,14,13,14,188
2/14/2017,140,41,19,16,13,12,195
2/15/2017,113,23,13,11,13,3,180
2/16/2017,74,37,13,20,13,19,160
2/19/2017,71,14,11,6,13,2,158
2/20/2017,45,10,12,5,13,10,124
2/21/2017,39,10,11,3,13,13,109
2/22/2017,39,14,12,5,13,2,109
2/23/2017,53,16,13,9,13,19,144
2/24/2017,59,16,12,9,13,2,152
2/25/2017,59,20,14,9,13,4,152
2/26/2017,69,21,14,14,13,4,157
2/27/2017,70,27,24,12,13,7,158
2/28/2017,83,49,13,10,13,14,165
3/1/2017,126,74,16,12,13,20,187
3/2/2017,156,70,17,15,13,4,206
3/3/2017,151,63,13,10,13,5,201
3/4/2017,150,55,13,7,13,7,200
3/5/2017,131,58,17,6,13,1,190
3/6/2017,137,53,13,6,13,3,193
3/7/2017,142,37,13,20,13,19,196
3/9/2017,71,73,12,12,13,19,158
3/10/2017,160,60,11,4,13,19,210
3/11/2017,151,36,10,4,13,19,201
3/12/2017,92,35,10,3,13,19,169
3/13/2017,88,37,13,20,13,19,167
3/14/2017,71,46,11,1,13,15,158
3/15/2017,108,40,16,2,13,21,178
3/16/2017,110,43,13,3,13,18,179
3/17/2017,106,40,10,4,13,19,177
3/18/2017,99,30,10,4,13,20,173
3/19/2017,78,35,10,4,13,15,162
3/20/2017,80,28,10,5,13,12,163
3/21/2017,68,31,10,4,13,11,157
3/22/2017,74,30,10,4,13,11,160
3/23/2017,75,29,10,3,13,13,160
3/24/2017,73,28,13,6,13,11,159
3/25/2017,69,34,13,7,13,10,157
3/26/2017,77,46,14,10,13,10,161
3/27/2017,96,60,16,13,13,18,171
3/28/2017,136,48,12,8,13,18,192
3/29/2017,116,43,14,24,13,15,182
3/30/2017,101,25,13,19,13,10,174
3/31/2017,68,37,14,22,13,11,157
4/1/2017,87,48,16,34,13,13,167
4/2/2017,106,52,17,36,13,16,177
4/3/2017,116,34,13,20,13,9,182
4/4/2017,83,37,13,17,13,12,165
4/5/2017,88,34,13,14,13,13,167
4/6/2017,83,32,12,12,13,18,165
4/7/2017,79,35,12,11,13,20,162
4/8/2017,84,40,13,14,13,18,165
4/9/2017,92,46,14,18,13,18,169
4/10/2017,101,44,14,28,13,15,174
4/11/2017,94,34,13,19,13,12,170
4/12/2017,83,18,15,55,13,14,165
4/13/2017,48,23,14,75,13,14,132
4/14/2017,55,4,12,39,13,4,149
4/15/2017,14,37,13,20,13,19,54
4/16/2017,71,14,12,69,13,19,158
4/17/2017,39,8,12,36,13,17,109
4/18/2017,26,10,13,51,13,22,80
4/19/2017,30,24,13,27,13,15,88
4/20/2017,53,50,13,22,13,14,144
4/21/2017,113,37,13,20,13,19,180
4/24/2017,71,33,13,24,13,13,158
4/25/2017,78,41,13,25,13,16,162
4/26/2017,98,28,13,19,13,15,172
4/27/2017,72,38,14,29,13,17,159
4/28/2017,82,42,14,30,13,13,164
4/29/2017,87,35,13,22,13,14,167
4/30/2017,87,30,12,16,13,12,167
5/1/2017,73,30,12,15,13,9,159
5/2/2017,73,36,12,17,13,9,159
5/3/2017,83,34,13,22,13,16,165
5/4/2017,81,30,13,26,13,10,163
5/5/2017,71,35,13,24,13,13,158
5/6/2017,85,30,13,21,13,11,166
5/7/2017,74,26,12,17,13,10,160
5/8/2017,65,27,13,20,13,11,155
5/9/2017,66,26,12,19,13,11,156
5/10/2017,66,24,12,14,13,9,156
5/11/2017,60,21,12,16,13,16,152
5/12/2017,60,27,12,25,13,12,152
5/13/2017,68,24,12,16,13,9,157
5/14/2017,61,22,12,16,13,11,153
5/15/2017,57,28,12,16,13,12,151
5/16/2017,70,37,13,20,13,19,158
5/17/2017,71,26,12,17,13,13,158
5/18/2017,75,15,12,13,13,13,160
5/19/2017,56,24,12,18,13,11,150
5/20/2017,64,32,13,18,13,17,155
5/21/2017,78,27,12,15,13,12,162
5/22/2017,65,31,12,17,13,11,155
5/23/2017,72,21,11,18,13,14,159
5/24/2017,60,25,11,17,13,13,152
5/25/2017,61,26,11,21,13,12,153
5/26/2017,55,37,12,24,13,15,149
5/27/2017,81,47,12,27,13,16,163
5/28/2017,102,58,12,28,13,17,175
5/29/2017,136,37,13,20,13,19,192
5/30/2017,71,30,13,19,13,13,158
5/31/2017,72,29,14,14,13,15,159
6/1/2017,59,34,16,15,13,16,152
6/2/2017,62,27,17,14,13,15,153
6/3/2017,45,26,17,14,13,17,124
6/4/2017,49,25,18,15,13,17,134
6/5/2017,47,9,14,13,13,14,129
6/6/2017,22,3,12,13,13,13,71
6/7/2017,10,4,13,12,13,14,42
6/8/2017,12,3,13,11,13,14,50
6/9/2017,8,4,13,11,13,14,33
6/10/2017,10,37,13,20,13,19,42
6/11/2017,71,5,14,13,13,13,158
6/12/2017,14,2,13,14,13,15,54
6/13/2017,7,2,14,10,13,16,29
6/14/2017,7,4,14,12,13,16,29
6/15/2017,10,3,14,13,13,15,42
6/16/2017,9,2,13,11,13,14,38
6/17/2017,6,2,13,11,13,15,25
6/18/2017,8,3,13,11,13,13,33
6/19/2017,10,37,13,20,13,19,42
6/20/2017,71,2,13,13,13,14,158
6/21/2017,4,3,14,13,13,14,17
6/22/2017,6,9,14,10,13,17,25
6/23/2017,21,21,14,9,13,17,69
6/24/2017,52,23,14,11,13,17,142
6/25/2017,54,31,14,10,13,17,147
6/26/2017,68,23,15,9,13,18,157
6/27/2017,56,21,14,8,13,19,150
6/28/2017,53,27,13,9,13,19,144
6/29/2017,64,30,14,10,13,21,155
6/30/2017,62,36,14,11,13,21,153
7/1/2017,66,34,14,11,13,23,156
7/2/2017,64,23,14,10,13,23,155
7/3/2017,49,6,13,10,13,25,134
7/4/2017,11,5,13,8,13,26,46
7/5/2017,8,3,13,8,13,26,33
7/6/2017,5,3,13,9,13,26,21
7/7/2017,7,2,13,9,13,24,29
7/8/2017,5,2,13,8,13,34,21
7/9/2017,5,2,13,8,13,23,21
7/10/2017,7,2,13,8,13,22,29
7/11/2017,5,20,13,8,13,21,21
7/12/2017,36,33,13,8,13,21,102
7/13/2017,64,28,14,9,13,21,155
7/14/2017,46,25,13,8,13,21,127
7/15/2017,57,20,13,8,13,20,151
7/16/2017,47,14,13,7,13,22,129
7/17/2017,39,23,13,8,13,20,109
7/18/2017,61,18,13,8,13,22,153
7/19/2017,51,21,13,7,13,21,139
7/20/2017,55,27,13,8,13,20,149
7/21/2017,58,24,13,9,13,24,151
7/22/2017,63,20,14,10,13,18,154
7/23/2017,47,39,14,13,13,20,129
7/24/2017,82,35,13,7,13,18,164
7/25/2017,96,37,13,20,13,19,171
8/6/2017,71,21,13,17,13,13,158
8/7/2017,44,22,15,12,13,19,122
8/8/2017,44,23,14,7,13,18,122
8/9/2017,57,37,13,20,13,19,151
8/10/2017,71,21,12,9,13,14,158
8/11/2017,46,17,13,9,13,19,127
8/12/2017,32,26,15,10,13,18,93
8/13/2017,60,27,15,10,13,18,152
8/14/2017,67,16,13,7,13,20,156
8/15/2017,46,13,14,8,13,19,127
8/16/2017,41,15,14,8,13,18,114
8/17/2017,48,33,13,8,13,18,132
8/18/2017,91,28,15,13,13,17,169
8/19/2017,70,37,13,20,13,19,158
8/21/2017,71,25,15,2,13,16,158
8/22/2017,62,35,16,2,13,18,153
8/23/2017,82,102,15,3,13,498,164
8/24/2017,35,53,13,1,13,5,99
8/25/2017,90,18,14,20,13,19,168
8/26/2017,57,21,14,20,13,19,151
8/27/2017,58,19,14,20,13,19,151
8/28/2017,51,12,14,20,13,19,139
8/29/2017,38,13,14,20,13,19,107
8/30/2017,39,29,15,20,13,19,109
8/31/2017,79,21,15,20,13,19,162
9/1/2017,58,14,15,20,13,19,151
9/2/2017,45,12,14,20,13,19,124
9/3/2017,39,24,15,20,13,19,109
9/4/2017,68,18,15,20,13,19,157
9/5/2017,52,18,14,20,13,19,142
9/6/2017,53,37,13,20,13,19,144
9/8/2017,71,12,15,20,13,19,158
9/9/2017,40,7,13,20,13,19,112
9/10/2017,26,37,13,20,13,19,80
9/18/2017,71,18,13,20,13,19,158
9/19/2017,50,18,14,20,13,19,137
9/20/2017,45,23,13,20,13,19,124
9/21/2017,63,24,13,20,13,19,154
9/22/2017,72,37,13,20,13,19,159
9/24/2017,71,14,13,20,13,19,158
9/25/2017,53,15,13,20,13,19,144
9/26/2017,36,23,13,20,13,19,102
9/27/2017,62,24,14,20,13,19,153
9/28/2017,59,24,14,20,13,19,152
9/29/2017,61,21,14,20,13,19,153
9/30/2017,55,10,13,20,13,19,149
10/1/2017,30,23,17,20,13,19,88
10/2/2017,54,14,13,20,13,19,147
10/3/2017,48,13,13,20,13,19,132
10/4/2017,42,16,13,20,13,19,117
10/5/2017,48,17,13,20,13,19,132
10/6/2017,50,10,13,20,13,19,137
10/7/2017,38,37,13,20,13,19,107
10/10/2017,71,8,13,20,13,19,158
10/11/2017,33,17,13,20,13,19,95
10/12/2017,56,17,13,20,13,19,150
10/13/2017,54,18,12,20,13,19,147
10/14/2017,59,13,14,20,13,19,152
10/15/2017,42,7,12,20,13,19,117
10/16/2017,30,4,12,20,13,19,88
10/17/2017,14,5,12,20,13,19,54
10/18/2017,17,16,13,20,13,19,61
10/19/2017,49,37,13,20,13,19,134
10/22/2017,71,15,14,20,13,19,158
10/23/2017,46,6,13,20,13,19,127
10/24/2017,20,12,14,20,13,19,67
10/25/2017,38,18,14,20,13,19,107
10/26/2017,53,6,13,20,13,19,144
10/27/2017,26,37,13,20,13,19,80
10/29/2017,71,34,15,20,13,19,158
10/30/2017,98,26,13,20,13,19,172
10/31/2017,80,31,13,20,13,19,163
11/1/2017,86,30,13,20,13,19,166
11/2/2017,86,29,13,20,13,19,166
11/3/2017,79,23,14,20,13,19,162
11/4/2017,58,23,14,20,13,19,151
11/5/2017,68,19,13,20,13,19,157
11/6/2017,64,11,13,20,13,19,155
11/7/2017,32,11,13,20,13,19,93
11/8/2017,40,4,13,20,13,19,112
11/9/2017,16,7,13,20,13,19,59
11/10/2017,24,8,13,20,13,19,76
11/11/2017,30,4,13,20,13,19,88
11/12/2017,18,2,13,20,13,19,63
11/13/2017,9,5,13,20,13,19,38
11/14/2017,19,10,13,20,13,19,65
11/15/2017,38,7,16,20,13,19,107
11/16/2017,27,7,17,20,13,19,82
11/17/2017,23,7,15,20,13,19,74
11/18/2017,18,5,13,20,13,19,63
11/19/2017,23,7,13,20,13,19,74
11/20/2017,23,9,13,20,13,19,74
11/21/2017,36,8,13,20,13,19,102
11/22/2017,33,37,13,20,13,19,95
11/23/2017,71,6,13,20,13,19,158
11/24/2017,26,5,13,20,13,19,80
11/25/2017,19,5,13,20,13,19,65
11/26/2017,18,3,14,20,13,19,63
11/27/2017,9,60,13,20,13,19,38
11/28/2017,141,65,13,20,13,19,195
11/29/2017,154,61,13,20,13,19,204
11/30/2017,146,30,13,20,13,19,198
12/1/2017,83,38,13,20,13,19,165
12/2/2017,108,49,14,20,13,19,178
12/3/2017,125,34,13,20,13,19,187
12/4/2017,96,28,13,20,13,19,171
12/5/2017,79,42,13,20,13,19,162
12/6/2017,111,52,37,20,13,19,179
12/7/2017,142,34,36,20,13,19,196
12/8/2017,99,33,37,20,13,19,173
12/9/2017,93,52,36,20,13,19,170
12/10/2017,144,46,37,20,13,19,197
12/11/2017,129,48,35,20,13,19,189
12/12/2017,140,37,36,20,13,19,195
12/13/2017,102,31,35,20,13,19,175
12/14/2017,85,20,36,20,13,19,166
12/15/2017,63,19,36,20,13,19,154
12/16/2017,59,39,36,20,13,19,152
12/17/2017,109,50,38,20,13,19,178
12/18/2017,131,38,44,20,13,19,190
12/19/2017,105,46,46,20,13,19,176
12/20/2017,121,44,46,20,13,19,185
12/21/2017,117,52,52,20,13,19,182
12/22/2017,132,56,47,20,13,19,190
12/23/2017,148,44,40,20,13,19,199
12/24/2017,121,56,46,20,13,19,185
12/25/2017,142,66,47,20,13,19,196
12/26/2017,160,55,37,20,13,19,210
12/27/2017,150,44,37,20,13,19,200
12/28/2017,127,52,40,20,13,19,188
12/29/2017,142,20,37,20,13,19,196
12/30/2017,67,33,38,20,13,19,156
12/31/2017,94,46,43,20,13,19,170
1/1/2018,123,60,41,20,13,19,186
1/2/2018,158,43,39,20,13,19,208
1/3/2018,118,40,38,20,13,19,183
1/4/2018,113,28,37,20,13,19,180
1/5/2018,83,23,36,20,13,19,165
1/6/2018,73,21,36,20,13,19,159
1/7/2018,71,14,36,20,13,19,158
1/8/2018,46,31,36,20,13,19,127
1/9/2018,91,35,41,20,13,19,169
1/10/2018,100,39,44,20,13,19,173
1/11/2018,110,43,46,20,13,19,179
1/12/2018,118,51,49,20,13,19,183
1/13/2018,131,55,43,20,13,19,190
1/14/2018,148,55,42,20,13,19,199
1/15/2018,143,45,40,20,13,19,196
1/16/2018,128,44,41,20,13,19,188
1/17/2018,126,38,40,20,13,19,187
1/18/2018,110,26,44,20,13,19,179
1/19/2018,76,34,40,20,13,19,161
1/20/2018,103,33,38,20,13,19,175
1/21/2018,100,21,38,20,13,19,173
1/22/2018,70,18,37,20,13,19,158
1/23/2018,64,19,37,20,13,19,155
1/24/2018,67,14,37,20,13,19,156
1/25/2018,55,15,37,20,13,19,149
1/26/2018,57,16,38,20,13,19,151
1/27/2018,61,14,36,20,13,19,153
1/28/2018,52,22,37,20,13,19,142
1/29/2018,69,39,37,20,13,19,157
1/30/2018,110,39,37,20,13,19,179
1/31/2018,111,39,44,20,13,19,179
2/1/2018,109,36,44,20,13,19,178
2/2/2018,99,33,45,20,13,19,173
2/3/2018,93,36,49,20,13,19,170
2/4/2018,100,38,42,20,13,19,173
2/5/2018,107,38,38,20,13,19,177
2/6/2018,105,41,40,20,13,19,176
2/7/2018,117,39,36,20,13,19,182
2/8/2018,112,12,34,20,13,19,180
2/9/2018,42,44,24,20,13,19,117
2/10/2018,124,38,22,20,13,19,186
2/11/2018,115,40,22,20,13,19,181
2/12/2018,119,44,28,20,13,19,183
2/13/2018,126,15,24,20,13,19,187
2/14/2018,50,6,23,20,13,19,137
2/15/2018,24,17,23,20,13,19,76
2/16/2018,63,37,13,20,13,19,154
2/20/2018,71,10,23,20,13,19,158
2/21/2018,44,11,23,20,13,19,122
2/22/2018,42,9,24,20,13,19,117
2/23/2018,40,37,13,20,13,19,112
2/25/2018,71,7,26,20,13,19,158
2/26/2018,29,1,25,20,13,19,86
2/27/2018,6,1,24,20,13,19,25
2/28/2018,4,1,24,20,13,19,17
3/1/2018,4,1,24,20,13,19,17
3/2/2018,3,1,24,20,13,19,13
3/3/2018,3,1,24,20,13,19,13
3/4/2018,4,1,24,20,13,19,17
3/5/2018,2,37,24,20,13,19,8
3/6/2018,71,37,24,20,13,19,158
3/7/2018,71,24,25,20,13,19,158
3/8/2018,55,38,29,20,13,19,149
3/9/2018,82,46,29,20,13,19,164
3/10/2018,94,53,30,20,13,19,170
3/11/2018,121,57,26,20,13,19,185
3/12/2018,135,52,27,20,13,19,192
3/13/2018,123,35,27,20,13,19,186
3/14/2018,86,37,26,20,13,19,166
3/15/2018,88,33,28,20,13,19,167
3/16/2018,78,25,27,20,13,19,162
3/17/2018,73,21,26,20,13,19,159
3/18/2018,62,44,28,20,13,19,153
3/19/2018,83,28,31,20,13,19,165
3/20/2018,61,37,13,20,13,19,153
3/29/2018,71,22,30,20,13,19,158
3/30/2018,68,21,29,20,13,19,157
3/31/2018,67,17,29,20,13,19,156
4/1/2018,60,20,32,20,13,19,152
4/2/2018,65,17,30,20,13,19,155
4/3/2018,54,17,30,20,13,19,147
4/4/2018,55,13,30,20,13,19,149
4/5/2018,47,10,29,20,13,19,129
4/6/2018,36,18,31,20,13,19,102
4/7/2018,40,37,13,20,13,19,112
4/18/2018,71,3,32,20,13,19,158
4/19/2018,14,2,32,20,13,19,54
4/20/2018,8,37,13,20,13,19,33
4/25/2018,71,2,38,20,13,19,158
4/26/2018,8,37,13,20,13,19,33
5/16/2018,71,20,28,20,13,19,158
5/17/2018,47,19,28,20,13,19,129
5/18/2018,48,15,28,20,13,19,132
5/19/2018,60,37,13,20,13,19,152
5/27/2018,71,44,29,20,13,19,158
5/28/2018,85,53,29,20,13,19,166
5/29/2018,105,52,29,20,13,19,176
5/30/2018,107,51,29,20,13,19,177
5/31/2018,114,52,29,20,13,19,181
6/1/2018,122,50,29,20,13,19,185
6/2/2018,108,44,29,20,13,19,178
6/3/2018,94,55,29,20,13,19,170
6/4/2018,109,28,29,20,13,19,178
6/5/2018,55,46,30,20,13,19,149
6/6/2018,87,64,30,20,13,19,167
6/7/2018,127,78,31,20,13,19,188
6/8/2018,146,187,30,20,13,19,198
6/9/2018,299,152,30,20,13,19,339
6/10/2018,219,105,30,20,13,19,269
6/11/2018,184,62,30,20,13,19,234
6/12/2018,102,51,31,20,13,19,175
6/13/2018,67,61,30,20,13,19,156
6/14/2018,110,45,30,20,13,19,179
6/15/2018,88,71,30,20,13,19,167
6/16/2018,143,59,30,20,13,19,196
6/17/2018,106,72,31,20,13,19,177
6/18/2018,128,70,31,20,13,19,188
6/19/2018,119,68,31,20,13,19,183
6/20/2018,111,102,31,20,13,19,179
6/21/2018,171,37,13,20,13,19,221
6/26/2018,71,35,32,20,13,19,158
6/27/2018,89,37,13,20,13,19,168
7/25/2018,71,71,13,20,13,19,158
7/26/2018,95,98,13,20,13,19,171
7/27/2018,180,37,13,20,13,19,230
1/1/2019,63,37,13,20,13,19,154
1/2/2019,76,37,13,20,13,19,161
1/3/2019,80,37,13,20,13,19,163
1/4/2019,63,37,13,20,13,19,154
1/5/2019,69,37,13,20,13,19,157
1/6/2019,84,37,13,20,13,19,165
1/7/2019,61,37,13,20,13,19,153
1/8/2019,91,37,13,20,13,19,169
1/9/2019,76,37,13,20,13,19,161
1/10/2019,66,37,13,20,13,19,156
1/11/2019,87,37,13,20,13,19,167
1/12/2019,88,37,13,20,13,19,167
1/13/2019,104,37,13,20,13,19,176
1/14/2019,99,37,13,20,13,19,173
1/15/2019,118,37,13,20,13,19,183
1/16/2019,99,37,13,20,13,19,173
1/17/2019,86,37,13,20,13,19,166
1/18/2019,82,37,13,20,13,19,164
1/19/2019,90,37,13,20,13,19,168
1/20/2019,107,37,13,20,13,19,177
1/21/2019,91,37,13,20,13,19,169
1/22/2019,111,37,13,20,13,19,179
1/23/2019,114,37,13,20,13,19,181
1/24/2019,108,37,13,20,13,19,178
1/25/2019,121,37,13,20,13,19,185
1/26/2019,115,37,13,20,13,19,181
1/27/2019,105,37,13,20,13,19,176
1/28/2019,123,37,13,20,13,19,186
1/29/2019,104,37,13,20,13,19,176
1/30/2019,85,37,13,20,13,19,166
1/31/2019,87,37,13,20,13,19,167
2/1/2019,94,37,13,20,13,19,170
2/2/2019,83,37,13,20,13,19,165
2/3/2019,73,37,13,20,13,19,159
2/4/2019,63,37,13,20,13,19,154
2/5/2019,68,37,13,20,13,19,157
2/6/2019,59,37,13,20,13,19,152
2/7/2019,57,37,13,20,13,19,151
2/8/2019,64,37,13,20,13,19,155
2/9/2019,66,37,13,20,13,19,156
2/10/2019,59,37,13,20,13,19,152
2/11/2019,71,37,13,20,13,19,158
2/12/2019,67,37,13,20,13,19,156
2/13/2019,75,37,13,20,13,19,160
2/14/2019,69,37,13,20,13,19,157
2/15/2019,68,37,13,20,13,19,157
2/16/2019,67,37,13,20,13,19,156
2/17/2019,63,37,13,20,13,19,154
2/18/2019,61,37,13,20,13,19,153
2/19/2019,69,37,13,20,13,19,157
2/20/2019,54,37,13,20,13,19,147
2/21/2019,46,37,13,20,13,19,127
2/22/2019,46,37,13,20,13,19,127
2/23/2019,44,37,13,20,13,19,122
2/24/2019,47,37,13,20,13,19,129
2/25/2019,51,37,13,20,13,19,139
2/26/2019,67,37,13,20,13,19,156
2/27/2019,76,37,13,20,13,19,161
2/28/2019,63,37,13,20,13,19,154
3/1/2019,66,37,13,20,13,19,156
3/2/2019,52,37,13,20,13,19,142
3/3/2019,56,37,13,20,13,19,150
3/4/2019,43,37,13,20,13,19,119
3/5/2019,37,37,13,20,13,19,104
3/6/2019,44,37,13,20,13,19,122
3/7/2019,31,37,13,20,13,19,91
3/8/2019,34,37,13,20,13,19,97
3/9/2019,23,37,13,20,13,19,74
3/10/2019,37,37,13,20,13,19,104
3/11/2019,54,37,13,20,13,19,147
3/12/2019,52,37,13,20,13,19,142
3/13/2019,69,37,13,20,13,19,157
3/14/2019,59,37,13,20,13,19,152
3/15/2019,78,37,13,20,13,19,162
3/16/2019,99,37,13,20,13,19,173
3/17/2019,95,37,13,20,13,19,171
3/18/2019,76,37,13,20,13,19,161
3/19/2019,48,37,13,20,13,19,132
3/20/2019,39,37,13,20,13,19,109
3/21/2019,36,37,13,20,13,19,102
3/22/2019,40,37,13,20,13,19,112
3/23/2019,24,37,13,20,13,19,76
3/26/2019,57,37,13,20,13,19,151
3/27/2019,54,37,13,20,13,19,147
3/28/2019,55,37,13,20,13,19,149
3/29/2019,51,37,13,20,13,19,139
3/30/2019,55,37,13,20,13,19,149
3/31/2019,57,37,13,20,13,19,151
4/1/2019,70,37,13,20,13,19,158
4/2/2019,76,37,13,20,13,19,161
4/3/2019,82,37,13,20,13,19,164
4/4/2019,77,37,13,20,13,19,161
4/5/2019,76,37,13,20,13,19,161
4/6/2019,78,37,13,20,13,19,162
4/7/2019,69,37,13,20,13,19,157
4/8/2019,59,37,13,20,13,19,152
4/9/2019,47,37,13,20,13,19,129
4/10/2019,35,37,13,20,13,19,99
4/11/2019,44,37,13,20,13,19,122
4/12/2019,44,37,13,20,13,19,122
4/13/2019,47,37,13,20,13,19,129
4/14/2019,38,37,13,20,13,19,107
4/15/2019,40,37,13,20,13,19,112
4/16/2019,57,37,13,20,13,19,151
4/17/2019,59,37,13,20,13,19,152
4/18/2019,64,37,13,20,13,19,155
4/19/2019,14,37,13,20,13,19,54
4/20/2019,15,37,13,20,13,19,56
4/21/2019,17,37,13,20,13,19,61
4/22/2019,38,37,13,20,13,19,107
4/23/2019,67,37,13,20,13,19,156
4/24/2019,73,37,13,20,13,19,159
4/25/2019,75,37,13,20,13,19,160
4/26/2019,61,37,13,20,13,19,153
4/27/2019,64,37,13,20,13,19,155
4/28/2019,74,37,13,20,13,19,160
4/29/2019,93,37,13,20,13,19,170
4/30/2019,56,37,13,20,13,19,150
5/1/2019,64,37,13,20,13,19,155
5/2/2019,64,37,13,20,13,19,155
5/3/2019,90,37,13,20,13,13,168
5/4/2019,66,37,13,20,13,17,156
5/5/2019,73,37,13,20,13,71,159
5/6/2019,66,37,13,20,13,24,156
5/7/2019,69,37,13,20,13,56,157
5/8/2019,67,37,13,20,13,25,156
5/9/2019,80,37,13,20,13,5,163
5/10/2019,87,37,13,20,13,4,167
5/11/2019,109,37,13,20,13,19,178
5/12/2019,95,37,13,20,13,19,171
5/13/2019,73,37,13,20,13,19,159
5/14/2019,76,37,13,20,13,19,161
5/15/2019,83,37,13,20,13,19,165
5/16/2019,67,37,13,24,13,19,156
5/17/2019,65,37,13,25,13,19,155
5/18/2019,60,37,13,26,13,19,152
5/19/2019,56,37,13,20,13,19,150
5/20/2019,63,37,13,19,13,19,154
5/21/2019,69,37,13,13,13,19,157
5/22/2019,82,37,13,20,13,19,164
5/23/2019,66,37,13,20,13,19,156
5/24/2019,71,37,13,20,13,19,158
5/25/2019,71,37,13,20,13,19,158
5/26/2019,71,37,13,20,13,19,158
5/27/2019,71,37,13,20,13,19,158
5/28/2019,71,37,13,20,13,19,158
5/29/2019,71,37,13,20,13,19,158
5/30/2019,71,37,13,20,13,19,158
5/31/2019,71,37,13,20,13,19,158
6/1/2019,71,37,13,20,13,19,158
6/2/2019,98,37,13,20,13,19,172
6/3/2019,90,37,13,20,13,19,168
6/4/2019,97,37,13,20,13,19,172
6/5/2019,94,37,13,20,13,19,170
6/6/2019,71,37,13,20,13,19,158
6/7/2019,71,37,13,20,13,19,158
6/8/2019,71,37,13,20,13,19,158
6/9/2019,71,37,13,20,13,19,158
6/10/2019,71,37,13,20,13,19,158
6/11/2019,71,37,13,20,13,19,158
6/12/2019,68,37,13,20,13,19,157
6/13/2019,73,37,13,20,13,19,159
6/14/2019,67,37,13,20,13,19,156
6/15/2019,81,37,13,20,13,19,163
6/16/2019,71,37,13,20,13,19,158
6/17/2019,71,37,13,20,13,19,158
6/18/2019,71,37,13,20,13,19,158
6/19/2019,71,37,13,20,13,19,158
6/20/2019,71,37,13,20,13,19,158
6/21/2019,71,37,13,20,13,19,158
6/22/2019,71,37,13,20,13,19,158
6/23/2019,40,37,13,20,13,19,112
6/24/2019,45,37,13,20,13,19,124
6/25/2019,61,37,13,20,13,19,153
6/26/2019,68,37,13,20,13,19,157
6/27/2019,57,3,13,19,17,26,151
6/28/2019,4,7,13,28,18,50,17
6/29/2019,14,5,13,18,14,33,54
6/30/2019,11,6,13,21,15,22,46
7/1/2019,14,6,13,18,14,28,54
7/2/2019,17,6,13,14,13,26,61
7/3/2019,16,3,13,15,13,16,59
7/4/2019,10,5,13,23,7,14,42
7/5/2019,10,5,13,21,6,18,42
7/6/2019,9,6,13,23,6,26,38
7/7/2019,12,7,13,25,7,20,50
7/8/2019,12,7,13,21,6,42,50
7/9/2019,13,5,13,21,6,21,52
7/10/2019,13,7,13,26,9,11,52
7/11/2019,13,7,13,23,7,15,52
7/12/2019,14,8,13,24,7,13,54
7/13/2019,13,9,13,17,7,11,52
7/14/2019,20,9,13,24,11,14,67
7/15/2019,21,9,13,28,10,441,69
7/16/2019,21,7,13,24,8,151,69
7/17/2019,14,8,13,24,8,16,54
7/18/2019,17,9,13,27,8,18,61
7/19/2019,21,6,13,24,4,14,69
7/20/2019,14,7,13,26,7,13,54
7/21/2019,14,7,13,28,9,46,54
7/22/2019,14,7,13,28,10,19,54
7/23/2019,14,3,13,24,6,28,54
7/24/2019,7,37,13,21,7,18,29
7/27/2019,71,37,13,22,10,15,158
7/28/2019,71,37,13,24,9,17,158
7/29/2019,71,6,13,24,8,32,158
7/30/2019,16,7,13,16,4,34,59
7/31/2019,21,6,13,19,6,14,69
8/1/2019,17,4,13,14,6,17,61
8/2/2019,13,4,13,8,2,17,52
8/3/2019,13,6,13,16,8,18,52
8/4/2019,18,37,13,21,9,19,63
8/5/2019,71,37,13,20,7,19,158
8/6/2019,71,37,13,27,7,19,158
8/7/2019,71,37,13,21,7,19,158
8/8/2019,71,37,13,18,6,19,158
8/9/2019,71,37,13,17,7,13,158
8/10/2019,71,37,13,16,6,19,158
8/11/2019,71,37,13,8,7,19,158
8/12/2019,71,37,13,9,7,19,158
8/13/2019,71,37,13,10,5,19,158
8/14/2019,71,37,13,9,5,19,158
8/15/2019,71,37,13,10,7,19,158
8/16/2019,71,37,13,8,7,19,158
8/17/2019,71,37,13,7,5,19,158
8/18/2019,71,37,13,10,7,19,158
8/19/2019,71,4,13,11,7,22,158
8/20/2019,8,37,13,9,10,19,33
8/21/2019,71,37,13,10,10,19,158
8/22/2019,71,37,13,6,5,19,158
8/23/2019,71,37,13,6,5,19,158
8/24/2019,71,37,13,8,6,19,158
8/25/2019,71,37,13,8,10,19,158
9/13/2019,71,8,13,11,7,34,158
9/14/2019,18,13,13,9,7,43,63
9/15/2019,31,12,13,11,9,36,91
9/16/2019,30,29,13,9,6,36,88
9/17/2019,54,37,13,6,5,32,147
9/18/2019,74,28,13,7,7,22,160
9/19/2019,60,38,13,7,8,39,152
9/20/2019,75,36,13,6,4,30,160
9/21/2019,61,38,13,10,5,45,153
9/22/2019,53,63,13,15,6,57,144
9/23/2019,102,72,13,18,8,46,175
9/24/2019,113,76,13,17,7,63,180
9/25/2019,122,75,13,15,6,51,185
9/26/2019,132,71,13,18,8,59,190
9/27/2019,122,84,13,21,10,58,185
9/28/2019,146,88,13,19,7,54,198
9/29/2019,154,99,13,16,8,63,204
9/30/2019,175,84,13,17,9,50,225
10/1/2019,150,64,13,14,9,20,200
10/2/2019,116,41,13,11,8,18,182
10/3/2019,86,57,13,13,11,14,166
10/4/2019,120,51,13,10,8,22,184
10/5/2019,94,52,13,8,5,26,170
10/6/2019,94,61,13,10,5,29,170
10/7/2019,105,26,13,5,4,16,176
10/8/2019,58,20,13,6,5,14,151
10/9/2019,42,54,13,9,6,15,117
10/10/2019,109,35,13,10,6,15,178
10/11/2019,56,36,13,10,5,15,150
10/12/2019,61,36,13,8,4,15,153
10/13/2019,67,29,13,5,2,18,156
10/14/2019,58,30,13,6,2,20,151
10/15/2019,60,39,13,6,5,40,152
10/16/2019,76,45,13,20,7,35,161
10/17/2019,97,24,13,23,4,21,172
10/18/2019,48,29,13,20,5,34,132
10/19/2019,49,46,13,20,5,41,134
10/20/2019,94,56,13,20,7,27,170
10/21/2019,118,36,13,20,3,22,183
10/22/2019,68,28,13,20,4,22,157
10/23/2019,55,16,13,20,2,17,149
10/24/2019,35,32,13,20,2,16,99
10/25/2019,67,52,13,20,1,23,156
10/26/2019,112,44,13,20,1,15,180
10/27/2019,95,29,13,20,1,13,171
10/28/2019,64,23,13,20,1,27,155
10/29/2019,40,47,13,20,2,34,112
10/30/2019,90,53,13,20,1,20,168
10/31/2019,103,23,13,20,13,19,175
11/1/2019,61,26,13,20,13,13,153
11/2/2019,62,32,13,20,13,20,153
11/3/2019,71,38,13,20,1,33,158
11/4/2019,70,62,13,20,2,46,158
11/5/2019,120,78,13,20,1,35,184
11/6/2019,157,69,13,20,10,39,207
11/7/2019,149,56,13,20,7,41,199
11/8/2019,118,64,13,20,8,49,183
11/9/2019,131,74,13,20,6,54,190
11/10/2019,164,76,13,20,8,45,214
11/11/2019,165,96,13,20,9,44,215
11/12/2019,217,53,13,20,7,15,267
11/13/2019,117,29,13,20,8,14,182
11/14/2019,56,53,13,20,9,21,150
11/15/2019,101,48,13,20,6,27,174
11/16/2019,91,31,13,20,4,17,169
11/17/2019,61,27,13,20,7,16,153
11/18/2019,53,32,13,20,5,18,144
11/19/2019,59,61,13,20,9,19,152
11/20/2019,105,71,13,20,9,15,176
11/21/2019,131,73,13,20,12,14,190
11/22/2019,128,70,13,20,12,14,188
11/23/2019,120,57,13,20,11,8,184
11/24/2019,89,64,13,20,13,13,168
11/25/2019,101,65,13,20,11,12,174
11/26/2019,113,71,13,20,10,14,180
11/27/2019,124,47,13,20,6,10,186
11/28/2019,69,54,13,20,9,10,157
11/29/2019,84,68,13,20,12,7,165
11/30/2019,126,54,13,20,7,11,187
12/1/2019,96,30,13,20,6,16,171
12/2/2019,44,48,6,37,9,16,122
12/3/2019,82,59,7,20,8,19,164
12/4/2019,107,51,6,15,5,20,177
12/5/2019,84,42,4,15,6,20,165
12/6/2019,65,64,6,22,9,21,155
12/7/2019,116,74,9,27,11,23,182
12/8/2019,139,85,11,31,15,26,194
12/9/2019,153,91,9,33,15,26,203
12/10/2019,167,95,10,35,18,28,217
12/11/2019,177,119,8,29,15,3,227
12/12/2019,213,78,8,33,14,22,263
12/13/2019,156,83,6,25,12,9,206
12/14/2019,166,50,5,20,10,6,216
12/15/2019,95,34,3,12,10,4,171
12/16/2019,64,28,4,18,13,8,155
12/17/2019,50,26,3,11,11,6,137
12/18/2019,46,35,4,13,11,6,127
12/19/2019,63,43,4,13,8,6,154
12/20/2019,84,52,3,11,9,6,165
12/21/2019,102,49,3,11,9,5,175
12/22/2019,90,76,4,12,15,5,168
12/23/2019,154,94,4,20,20,4,204
12/24/2019,168,41,2,15,9,6,218
12/25/2019,49,51,5,17,10,6,134
12/26/2019,75,44,3,11,7,6,160
12/27/2019,68,65,7,19,8,6,157
12/28/2019,117,74,5,22,11,8,182
12/29/2019,144,37,13,20,13,19,197
12/31/2019,78,80,4,28,15,4,162
1/1/2020,153,65,4,25,15,5,203
1/2/2020,118,44,3,21,10,6,183
1/3/2020,59,44,3,21,12,6,152
1/4/2020,70,46,2,18,9,6,158
1/5/2020,66,47,2,17,9,7,156
1/6/2020,63,51,2,22,13,6,154
1/7/2020,84,48,3,18,12,6,165
1/8/2020,62,49,4,22,11,6,153
1/9/2020,70,41,3,15,8,6,158
1/10/2020,52,42,3,12,9,6,142
1/11/2020,57,38,4,13,8,7,151
1/12/2020,61,77,8,19,14,4,153
1/13/2020,149,90,8,28,18,5,199
1/14/2020,171,37,3,13,7,6,221
1/15/2020,54,41,6,15,12,6,147
1/16/2020,60,36,5,13,8,8,152
1/17/2020,62,49,3,12,10,8,153
1/18/2020,97,36,3,10,7,10,172
1/19/2020,66,46,3,13,11,12,156
1/20/2020,92,67,4,20,15,7,169
1/21/2020,140,56,3,15,14,9,195
1/22/2020,111,31,2,9,7,12,179
1/23/2020,53,23,2,6,5,11,144
1/24/2020,43,19,2,5,4,17,119
1/25/2020,35,15,2,9,5,18,99
1/26/2020,23,24,3,9,5,15,74
1/27/2020,36,36,3,9,5,14,102
1/28/2020,62,46,3,7,5,14,153
1/29/2020,86,56,3,16,8,13,166
1/30/2020,115,57,5,26,10,9,181
1/31/2020,109,70,4,20,9,10,178
2/1/2020,142,83,4,15,10,12,196
2/2/2020,171,60,3,10,13,14,221
2/3/2020,124,15,3,1,5,18,186
2/4/2020,29,24,4,1,9,19,86
2/5/2020,46,58,4,6,15,6,127
2/6/2020,107,57,3,6,15,2,177
2/7/2020,108,33,4,20,8,2,178
2/8/2020,58,15,3,20,5,5,151
2/9/2020,27,43,7,20,11,3,82
2/10/2020,77,52,5,20,11,8,161
2/11/2020,99,57,4,26,14,4,173
2/12/2020,108,42,3,21,15,8,178
2/13/2020,81,30,3,16,12,14,163
2/14/2020,51,40,3,18,12,15,139
2/15/2020,62,27,4,12,4,15,153
2/16/2020,36,40,6,17,6,13,102
2/17/2020,64,52,15,28,8,14,155
2/18/2020,84,63,18,33,10,7,165
2/19/2020,116,86,8,25,11,6,182
2/20/2020,160,98,5,26,12,6,210
2/21/2020,189,82,5,30,16,16,239
2/22/2020,168,71,5,32,14,13,218
2/23/2020,137,51,4,25,9,12,193
2/24/2020,90,47,4,20,9,7,168
2/25/2020,81,42,4,29,13,5,163
2/26/2020,65,41,4,24,10,7,155
2/27/2020,66,33,3,18,9,7,156
2/28/2020,48,34,3,16,7,11,132
2/29/2020,47,32,3,15,8,12,129
3/1/2020,51,28,3,14,9,11,139
3/2/2020,43,22,3,15,6,11,119
3/3/2020,34,23,4,17,6,28,97
3/4/2020,38,31,4,13,9,8,107
3/5/2020,51,61,6,22,12,10,139
3/6/2020,112,45,4,21,12,9,180
3/7/2020,72,45,3,18,9,17,159
3/8/2020,76,54,3,18,9,33,161
3/9/2020,100,45,4,17,7,17,173
3/10/2020,70,52,6,28,12,15,158
3/11/2020,83,40,4,21,13,13,165
3/12/2020,71,40,4,14,11,14,158
3/13/2020,74,37,5,16,8,13,160
3/14/2020,60,51,6,18,9,10,152
3/15/2020,95,59,7,22,17,5,171
3/16/2020,121,31,4,21,16,11,185
3/17/2020,59,16,4,9,8,7,152
3/18/2020,32,17,4,8,6,7,93
3/19/2020,31,47,5,22,12,8,91
3/20/2020,80,31,4,13,9,16,163
3/21/2020,57,22,4,8,7,15,151
3/22/2020,40,27,4,11,10,14,112
3/23/2020,48,19,4,7,6,14,132
3/24/2020,31,17,13,7,5,14,91
3/25/2020,27,13,13,4,4,14,82
3/26/2020,23,19,13,5,7,17,74
3/27/2020,32,21,13,4,6,14,93
3/28/2020,34,14,4,2,4,46,97
3/29/2020,25,37,13,20,13,19,78
3/31/2020,37,36,5,6,5,7,104
4/1/2020,65,28,5,3,6,5,155
4/2/2020,54,25,5,6,8,7,147
4/3/2020,48,15,5,2,4,6,132
4/4/2020,28,8,5,1,4,13,84
4/5/2020,14,18,5,6,6,11,54
4/6/2020,34,36,5,7,6,21,97
4/7/2020,69,46,5,12,9,17,157
4/8/2020,89,41,6,11,8,25,168
4/9/2020,76,33,6,11,8,23,161
4/10/2020,60,22,5,6,6,18,152
4/11/2020,42,17,5,5,4,22,117
4/12/2020,31,22,5,5,4,20,91
4/13/2020,42,26,6,6,5,38,117
4/14/2020,48,31,7,8,6,32,132
4/15/2020,57,26,4,6,8,17,151
4/16/2020,49,15,4,2,5,14,134
4/17/2020,28,14,4,3,5,17,84
4/18/2020,27,17,4,1,6,13,82
4/19/2020,33,13,34,3,5,14,95
4/20/2020,25,15,24,4,7,14,78
4/21/2020,24,10,15,5,8,13,76
4/22/2020,12,6,6,2,5,17,50
4/23/2020,7,6,10,2,4,16,29
4/24/2020,11,11,6,3,5,22,46
4/25/2020,15,10,6,3,5,18,56
4/26/2020,14,11,7,8,8,27,54
4/27/2020,17,44,16,11,8,37,61
4/28/2020,55,67,11,10,10,42,149
4/29/2020,99,48,6,5,8,24,173
4/30/2020,61,35,5,6,8,12,153
5/1/2020,49,40,5,3,6,23,134
5/2/2020,47,33,5,4,8,16,129
5/3/2020,41,36,5,7,8,21,114
5/4/2020,40,39,5,6,10,17,112
5/5/2020,47,37,5,4,10,13,129
5/6/2020,42,41,5,5,10,13,117
5/7/2020,51,40,5,5,9,17,139
5/8/2020,46,40,5,5,10,18,127
5/9/2020,52,39,5,4,7,25,142
5/10/2020,44,32,5,5,10,14,122
5/11/2020,37,25,5,5,9,14,104
5/12/2020,30,28,6,4,9,15,88
5/13/2020,32,23,6,4,8,19,93
5/14/2020,22,27,5,3,6,15,71
5/15/2020,32,29,6,2,7,18,93
5/16/2020,35,24,6,20,7,15,99
5/17/2020,26,28,6,20,9,30,80
5/18/2020,32,39,6,20,10,18,93
5/19/2020,49,32,6,20,10,17,134
5/20/2020,33,45,6,12,11,24,95
5/21/2020,44,41,6,10,9,15,122
5/22/2020,38,28,6,7,8,19,107
5/23/2020,37,37,6,8,9,17,104
5/24/2020,48,30,6,7,9,26,132
5/25/2020,34,21,7,4,5,20,97
5/26/2020,27,27,7,7,7,21,82
5/27/2020,35,47,8,9,10,24,99
5/28/2020,56,35,6,9,9,18,150
5/29/2020,41,31,6,9,9,19,114
5/30/2020,34,32,6,6,7,17,97
5/31/2020,28,29,7,11,11,16,84
6/1/2020,24,39,7,11,11,15,76
6/2/2020,41,32,6,7,9,31,114
6/3/2020,35,32,6,7,8,24,99
6/4/2020,36,36,6,11,10,24,102
6/5/2020,47,40,7,13,10,17,129
6/6/2020,51,42,8,13,8,18,139
6/7/2020,42,39,9,11,7,15,117
6/8/2020,36,50,10,16,9,26,102
6/9/2020,37,36,7,14,8,20,104
6/10/2020,33,31,7,13,9,17,95
6/11/2020,34,30,7,13,7,19,97
6/12/2020,29,28,7,12,7,17,86
6/13/2020,28,28,7,12,9,12,84
6/14/2020,35,25,6,16,11,12,99
6/15/2020,35,26,1,11,6,16,99
6/16/2020,21,30,2,11,6,13,69
6/17/2020,22,25,1,11,7,11,71
6/18/2020,18,24,1,13,8,12,63
6/19/2020,20,23,1,10,5,20,67
6/20/2020,21,27,1,10,4,23,69
6/21/2020,24,28,1,13,7,18,76
6/22/2020,21,33,2,17,7,22,69
6/23/2020,22,36,1,18,8,16,71
6/24/2020,23,43,2,19,10,20,74
6/25/2020,50,30,1,11,6,18,137
6/26/2020,23,27,1,12,4,27,74
6/27/2020,20,27,1,11,4,23,67
6/28/2020,23,31,3,15,9,18,74
6/29/2020,28,31,1,17,8,26,84
6/30/2020,30,32,2,17,11,17,88
7/1/2020,33,30,2,17,11,17,95
7/2/2020,32,24,2,14,10,18,93
7/3/2020,24,19,2,15,10,17,76
7/4/2020,24,21,2,11,8,16,76
7/5/2020,23,20,2,9,6,19,74
7/6/2020,20,26,2,10,6,23,67
7/7/2020,27,27,2,11,7,18,82
7/8/2020,24,32,2,10,7,18,76
7/9/2020,23,35,2,11,8,18,74
7/10/2020,22,43,4,13,10,18,71
7/11/2020,29,37,2,13,10,20,86
7/12/2020,34,34,2,14,8,24,97
7/13/2020,32,29,2,17,8,31,93
7/14/2020,31,27,2,11,6,24,91
7/15/2020,27,25,2,7,6,22,82
7/16/2020,24,26,2,8,6,22,76
7/17/2020,22,27,2,8,5,23,71
7/18/2020,24,28,2,8,5,22,76
7/19/2020,26,24,2,9,10,20,80
7/20/2020,29,24,4,6,7,14,86
7/21/2020,27,21,3,5,6,14,82
7/22/2020,20,21,3,20,6,14,67
7/23/2020,19,24,3,20,8,14,65
7/24/2020,25,25,3,20,6,16,78
7/25/2020,21,21,3,20,6,15,69
7/26/2020,23,42,4,20,10,15,74
7/27/2020,51,53,4,20,12,28,139
7/28/2020,76,44,3,20,13,16,161
7/29/2020,54,37,3,12,11,15,147
7/30/2020,44,33,3,16,9,16,122
7/31/2020,43,24,3,9,4,14,119
8/1/2020,31,10,3,6,4,13,91
8/2/2020,15,20,4,10,12,13,56
8/3/2020,32,19,4,9,13,12,93
8/4/2020,27,20,3,10,15,13,82
8/5/2020,29,13,3,8,13,12,86
8/6/2020,20,15,3,6,14,12,67
8/7/2020,21,20,3,6,21,13,69
8/8/2020,24,19,3,8,21,13,76
8/9/2020,23,24,3,14,21,17,74
8/10/2020,26,19,4,19,11,8,80
8/11/2020,14,21,4,12,10,12,54
8/12/2020,23,13,3,11,9,12,74
8/13/2020,17,13,4,7,10,11,61
8/14/2020,19,16,4,8,10,6,65
8/15/2020,22,32,4,9,9,6,71
8/16/2020,43,13,4,9,10,6,119
8/17/2020,19,8,4,8,11,19,65
8/18/2020,13,21,4,12,14,19,52
8/19/2020,28,30,4,12,8,19,84
8/20/2020,41,19,4,17,14,19,114
8/21/2020,23,19,4,11,7,19,74
8/22/2020,26,24,4,10,8,19,80
8/23/2020,32,22,4,12,9,19,93
8/24/2020,26,19,4,9,7,19,80
8/25/2020,21,26,4,13,7,19,69
8/26/2020,30,39,4,16,7,19,88
8/27/2020,50,30,4,15,11,19,137
8/28/2020,38,26,4,15,9,19,107
8/29/2020,32,30,5,17,8,19,93
8/30/2020,37,32,5,14,9,19,104
8/31/2020,40,32,5,18,9,19,112
9/1/2020,40,51,4,15,7,19,112
9/2/2020,76,48,4,21,11,19,161
9/3/2020,71,38,4,18,12,19,158
9/4/2020,55,28,4,12,7,19,149
9/5/2020,35,23,4,13,7,19,99
9/6/2020,28,12,4,12,7,19,84
9/7/2020,17,36,5,19,12,19,61
9/8/2020,47,23,6,14,11,19,129
9/9/2020,30,24,5,10,11,19,88
9/10/2020,31,23,5,15,12,19,91
9/11/2020,28,22,4,11,11,19,84
9/12/2020,28,17,4,9,9,19,84
9/13/2020,25,18,5,10,13,19,78
9/14/2020,23,18,5,9,10,19,74
9/15/2020,22,21,5,10,11,19,71
9/16/2020,25,28,5,14,12,19,78
9/17/2020,33,12,5,6,3,19,95
9/18/2020,15,12,5,7,5,19,56
9/19/2020,18,24,5,9,10,19,63
9/20/2020,36,28,6,10,12,19,102
9/21/2020,40,14,5,8,11,19,112
9/22/2020,19,20,6,9,12,19,65
9/23/2020,27,14,5,10,7,19,82
9/24/2020,19,27,6,13,10,19,65
9/25/2020,37,16,5,10,9,19,104
9/26/2020,22,13,5,6,6,19,71
9/27/2020,20,22,5,15,10,19,67
9/28/2020,32,31,5,16,11,19,93
9/29/2020,44,22,5,13,12,19,122
9/30/2020,28,16,5,13,14,19,84
10/1/2020,22,26,6,17,13,19,71
10/2/2020,37,28,6,13,15,19,104
10/3/2020,40,21,6,9,10,19,112
10/4/2020,33,20,6,8,15,19,95
10/5/2020,28,22,6,1,5,19,84
10/6/2020,33,15,6,20,5,19,95
10/7/2020,20,19,6,8,4,19,67
10/8/2020,27,16,6,8,5,19,82
10/9/2020,21,22,7,9,4,19,69
10/10/2020,32,24,7,10,4,19,93
10/11/2020,39,39,8,17,8,19,109
10/12/2020,60,38,8,17,6,19,152
10/13/2020,56,14,6,8,4,19,150
10/14/2020,26,9,6,8,5,19,80
10/15/2020,16,12,6,8,5,19,59
10/16/2020,18,13,7,10,4,19,63
10/17/2020,15,16,7,10,5,19,56
10/18/2020,26,20,7,12,6,19,80
10/19/2020,28,20,9,14,5,19,84
10/20/2020,25,21,8,15,6,19,78
10/21/2020,25,36,10,20,7,19,78
10/22/2020,46,51,10,27,12,19,127
10/23/2020,75,53,11,29,11,19,160
10/24/2020,80,48,9,19,7,19,163
10/25/2020,76,33,7,17,6,19,161
10/26/2020,55,37,7,23,12,19,149
10/27/2020,57,38,7,15,8,19,151
10/28/2020,60,25,7,12,5,19,152
10/29/2020,44,13,7,13,7,19,122
10/30/2020,24,23,7,15,10,19,76
10/31/2020,35,47,8,22,11,19,99
11/1/2020,74,37,8,18,10,19,160
11/2/2020,62,19,9,14,6,19,153
11/3/2020,26,36,6,22,11,14,80
11/4/2020,56,54,3,34,14,15,150
11/5/2020,91,59,2,31,14,13,169
11/6/2020,112,31,2,17,9,18,180
11/7/2020,53,26,3,18,7,25,144
11/8/2020,47,32,5,24,8,29,129
11/9/2020,54,38,7,25,8,30,147
11/10/2020,65,40,7,30,11,26,155
11/11/2020,60,45,5,31,11,39,152
11/12/2020,73,41,5,30,10,34,159
11/13/2020,66,39,5,24,8,31,156
11/14/2020,67,26,1,14,6,21,156
11/15/2020,49,23,1,12,10,3,134
11/16/2020,45,23,1,15,13,6,124
11/17/2020,37,22,1,13,10,5,104
11/18/2020,30,26,1,13,12,4,88
11/19/2020,36,25,1,13,11,4,102
11/20/2020,35,19,1,12,6,5,99
11/21/2020,26,23,1,14,6,6,80
11/22/2020,34,31,1,19,10,5,97
11/23/2020,38,32,2,24,9,4,107
11/24/2020,47,37,2,28,8,8,129
11/25/2020,60,34,1,29,8,5,152
11/26/2020,50,35,2,24,7,18,137
11/27/2020,59,25,2,14,5,12,152
11/28/2020,44,20,2,14,4,18,122
11/29/2020,34,27,3,20,5,21,97
11/30/2020,46,40,6,27,7,15,127
12/1/2020,70,46,4,27,8,12,158
12/2/2020,84,37,3,20,7,13,165
12/3/2020,70,23,3,18,6,15,158
12/4/2020,42,27,3,19,6,16,117
12/5/2020,50,43,4,26,7,19,137
12/6/2020,82,50,4,25,7,26,164
12/7/2020,100,40,4,26,8,17,173
12/8/2020,78,50,4,34,11,14,162
12/9/2020,103,55,6,38,11,24,175
12/10/2020,113,49,4,32,12,16,180
12/11/2020,103,37,4,28,9,13,175
12/12/2020,73,32,2,21,8,8,159
12/13/2020,63,26,2,16,8,5,154
12/14/2020,49,13,1,11,7,5,134
12/15/2020,25,13,2,9,6,6,78
12/16/2020,26,17,1,8,5,7,80
12/17/2020,34,20,1,8,5,8,97
12/18/2020,38,24,2,11,5,15,107
12/19/2020,47,26,3,12,4,20,129
12/20/2020,50,34,4,18,7,25,137
12/21/2020,66,48,4,28,9,25,156
12/22/2020,96,48,8,30,11,12,171
12/23/2020,98,37,4,23,9,16,172
12/24/2020,74,51,8,32,13,13,160
12/25/2020,107,48,6,28,13,5,177
12/26/2020,95,50,3,17,12,3,171
12/27/2020,102,27,2,16,12,6,175
12/28/2020,54,17,2,17,10,6,147
12/29/2020,33,24,3,16,9,14,95
12/30/2020,43,31,6,24,9,17,119
12/31/2020,58,43,6,23,10,29,151
1/1/2021,86,66,7,26,11,30,166
1/2/2021,143,63,7,23,9,18,196
1/3/2021,136,62,8,26,10,22,192
1/4/2021,138,72,7,27,14,12,193
1/5/2021,154,57,4,16,10,15,204
1/6/2021,125,49,4,15,10,7,187
1/7/2021,106,14,2,8,8,11,177
1/8/2021,29,22,4,11,6,12,86
1/9/2021,43,26,4,13,6,13,119
1/10/2021,52,32,4,14,7,17,142
1/11/2021,62,31,5,22,12,22,153
1/12/2021,60,50,10,28,14,17,152
1/13/2021,103,57,13,31,12,23,175
1/14/2021,122,62,6,30,17,4,185
1/15/2021,138,60,10,25,15,4,193
1/16/2021,135,47,4,13,8,12,192
1/17/2021,100,36,4,18,10,23,173
1/18/2021,73,42,7,27,13,16,159
1/19/2021,87,48,8,27,15,8,167
1/20/2021,100,68,4,15,18,4,173
1/21/2021,141,63,4,20,17,9,195
1/22/2021,133,63,4,20,14,6,191
1/23/2021,133,49,4,20,11,14,191
1/24/2021,102,35,3,25,14,7,175
1/25/2021,60,28,2,20,12,8,152
1/26/2021,39,24,3,23,12,10,109
1/27/2021,32,25,3,18,11,5,93
1/28/2021,37,36,5,18,10,2,104
1/29/2021,61,55,6,37,21,2,153
1/30/2021,101,51,8,23,15,3,174
1/31/2021,95,40,7,22,12,3,171
2/1/2021,57,36,9,26,12,7,151
2/2/2021,53,38,9,32,10,17,144
2/3/2021,55,41,9,37,13,15,149
2/4/2021,65,40,9,38,12,12,155
2/5/2021,62,39,9,35,10,18,153
2/6/2021,62,38,10,34,10,15,153
2/7/2021,62,37,9,25,8,19,153
2/8/2021,65,13,6,18,6,23,155
2/9/2021,26,33,9,24,10,25,80
2/10/2021,61,25,8,22,7,35,153
2/11/2021,46,25,8,21,6,30,127
2/12/2021,47,23,8,22,6,35,129
2/13/2021,43,21,8,25,6,28,119
2/14/2021,38,25,8,24,7,19,107
2/15/2021,48,28,8,24,7,16,132
2/16/2021,53,25,8,20,7,17,144
2/17/2021,46,33,10,13,9,16,127
2/18/2021,60,42,11,13,13,24,152
2/19/2021,77,37,11,11,8,34,161
2/20/2021,70,29,10,10,6,35,158
2/21/2021,52,23,8,10,8,17,142
2/22/2021,42,23,7,8,10,16,117
2/23/2021,43,19,6,1,5,21,119
2/24/2021,32,21,6,1,6,12,93
2/25/2021,34,20,6,2,10,8,97
2/26/2021,33,26,6,1,7,7,95
2/27/2021,47,26,7,2,10,5,129
2/28/2021,51,23,7,6,15,6,139
3/1/2021,44,22,7,16,10,7,122
3/2/2021,35,36,7,16,12,7,99
3/3/2021,65,30,7,15,13,7,155
3/4/2021,59,19,7,16,16,6,152
3/5/2021,37,20,7,16,11,12,104
3/6/2021,38,20,7,16,9,14,107
3/7/2021,37,20,7,16,13,13,104
3/8/2021,39,10,7,15,7,8,109
3/9/2021,21,10,7,15,6,12,69
3/10/2021,20,11,7,15,8,10,67
3/11/2021,22,11,7,16,8,12,71
3/12/2021,20,12,7,16,11,10,67
3/13/2021,24,12,7,16,8,16,76
3/14/2021,24,8,7,15,6,15,76
3/15/2021,16,9,7,15,10,12,59
3/16/2021,17,8,7,15,8,11,61
3/17/2021,16,7,7,15,11,10,59
3/18/2021,15,5,7,14,8,10,56
3/19/2021,10,3,7,14,9,11,42
3/20/2021,7,3,7,14,5,16,29
3/21/2021,5,33,7,15,6,19,21
3/22/2021,51,61,9,17,8,24,139
3/23/2021,81,63,11,18,12,9,163
3/24/2021,101,58,8,18,17,11,174
3/25/2021,113,34,7,16,10,9,180
3/26/2021,59,22,7,15,8,9,152
3/27/2021,38,25,7,15,10,7,107
3/28/2021,42,39,7,15,11,11,117
3/29/2021,63,43,7,16,14,14,154
3/30/2021,67,49,7,16,13,13,156
3/31/2021,74,37,7,15,12,15,160
4/1/2021,54,28,7,15,12,16,147
4/2/2021,44,34,8,15,11,16,122
4/3/2021,53,43,8,16,11,16,144
4/4/2021,66,41,8,16,14,9,156
4/5/2021,63,44,8,16,10,22,154
4/6/2021,70,31,7,16,9,20,158
4/7/2021,44,32,8,15,10,18,122
4/8/2021,44,30,8,15,7,10,122
4/9/2021,46,43,8,14,9,9,127
4/10/2021,77,44,8,15,10,13,161
4/11/2021,78,28,8,14,5,16,162
4/12/2021,37,23,8,15,7,18,104
4/13/2021,33,24,8,14,7,18,95
4/14/2021,33,24,8,14,8,21,95
4/15/2021,35,26,8,14,8,21,99
4/16/2021,36,20,7,14,6,18,102
4/17/2021,33,35,9,15,9,9,95
4/18/2021,57,27,8,15,8,16,151
4/19/2021,41,21,8,14,5,22,114
4/20/2021,28,22,7,13,4,24,84
4/21/2021,29,24,8,14,6,25,86
4/22/2021,31,23,8,14,6,24,91
4/23/2021,32,27,8,14,5,24,93
4/24/2021,39,32,8,15,9,26,109
4/25/2021,54,27,8,16,9,22,147
4/26/2021,48,22,10,16,9,10,132
4/27/2021,32,22,9,15,6,16,93
4/28/2021,36,15,9,16,5,38,102
4/29/2021,19,37,13,20,13,19,65
5/3/2021,71,19,7,14,4,18,158
5/4/2021,24,18,8,16,7,25,76
5/5/2021,29,30,8,16,7,24,86
5/6/2021,40,27,8,15,6,22,112
5/7/2021,39,25,8,14,5,21,109
5/8/2021,33,20,8,14,4,23,95
5/9/2021,28,23,8,14,4,25,84
5/10/2021,34,25,8,15,7,32,97
5/11/2021,36,23,8,15,6,25,102
5/12/2021,32,23,8,15,5,26,93
5/13/2021,36,16,8,15,4,24,102
5/14/2021,24,17,8,13,3,25,76
5/15/2021,24,20,8,13,4,31,76
5/16/2021,29,16,8,13,4,31,86
5/17/2021,22,14,8,13,4,30,71
5/18/2021,18,19,8,14,5,24,63
5/19/2021,24,19,8,15,6,29,76
5/20/2021,24,19,8,14,5,27,76
5/21/2021,26,17,9,13,4,33,80
5/22/2021,24,16,9,13,4,40,76
5/23/2021,22,9,9,16,4,35,71
5/24/2021,14,8,9,14,5,15,54
5/25/2021,7,8,9,14,6,24,29
5/26/2021,7,8,9,14,6,25,29
5/27/2021,7,7,9,15,6,24,29
5/28/2021,71,9,9,14,4,24,158
5/29/2021,7,7,9,14,5,32,29
5/30/2021,8,19,9,16,6,29,33
5/31/2021,20,22,9,15,6,25,67
6/1/2021,24,25,9,15,6,32,76
6/2/2021,31,25,9,14,6,30,91
6/3/2021,32,19,10,15,3,22,93
6/4/2021,23,31,12,16,6,35,74
6/5/2021,44,49,10,16,7,27,122
6/6/2021,84,24,10,17,7,24,165
6/7/2021,38,18,10,17,7,24,107
6/8/2021,30,16,9,18,7,23,88
6/9/2021,26,16,10,17,10,25,80
6/10/2021,23,17,9,18,9,25,74
6/11/2021,22,16,10,15,4,22,71
6/12/2021,25,7,10,14,4,22,78
6/13/2021,10,11,10,15,5,23,42
6/14/2021,13,16,10,16,7,23,52
6/15/2021,16,16,8,16,7,24,59
6/16/2021,19,9,5,16,7,29,65
6/17/2021,7,15,7,16,6,31,29
6/18/2021,13,14,7,15,5,26,52
6/19/2021,13,19,7,14,5,22,52
6/20/2021,16,23,7,14,6,27,59
6/21/2021,21,25,7,14,5,29,69
6/22/2021,32,14,7,13,6,24,93
6/23/2021,18,20,7,14,10,23,63
6/24/2021,27,22,7,13,10,21,82
6/25/2021,27,16,8,11,7,23,82
6/26/2021,18,14,7,11,5,22,63
6/27/2021,16,16,7,11,6,22,59
6/28/2021,12,17,8,11,7,20,50
6/29/2021,14,16,8,11,6,21,54
6/30/2021,14,17,7,11,5,20,54
7/1/2021,14,15,8,11,5,19,54
7/2/2021,12,17,8,10,5,23,50
7/3/2021,18,15,8,10,6,22,63
7/4/2021,18,11,8,11,7,21,63
7/5/2021,13,16,8,11,9,25,52
7/6/2021,19,16,8,11,6,21,65
7/7/2021,22,9,7,11,10,20,71
7/8/2021,14,11,8,11,7,17,54
7/9/2021,15,14,8,11,7,17,56
7/10/2021,18,12,8,11,5,17,63
7/11/2021,16,13,9,17,5,18,59
7/12/2021,17,12,9,16,3,18,61
7/13/2021,16,12,9,16,4,18,59
7/14/2021,16,10,8,17,5,18,59
7/15/2021,13,15,9,21,7,18,52
7/16/2021,19,15,9,21,5,17,65
7/17/2021,19,12,8,21,6,19,65
7/18/2021,18,23,9,26,8,16,63
7/19/2021,35,20,8,22,5,26,99
7/20/2021,33,12,8,18,4,24,95
7/21/2021,20,22,8,23,7,20,67
7/22/2021,35,10,8,17,6,18,99
7/23/2021,18,13,8,13,4,19,63
7/24/2021,21,15,8,14,3,28,69
7/25/2021,23,13,8,12,3,40,74
7/26/2021,21,9,8,12,3,29,69
7/27/2021,14,13,8,13,3,28,54
7/28/2021,22,18,8,14,4,28,71
7/29/2021,34,21,8,16,4,32,97
7/30/2021,38,14,9,17,3,31,107
7/31/2021,24,6,8,11,2,22,76
8/1/2021,10,12,9,20,3,29,42
8/2/2021,20,15,9,21,3,39,67
8/3/2021,26,21,9,12,4,37,80
8/4/2021,39,21,9,15,4,34,109
8/5/2021,38,23,9,14,4,26,107
8/6/2021,41,13,10,13,3,29,114
8/7/2021,22,24,9,14,4,25,71
8/8/2021,44,41,9,16,5,24,122
8/9/2021,77,16,9,17,4,20,161
8/10/2021,32,19,9,13,4,20,93
8/11/2021,36,21,9,15,4,21,102
8/12/2021,41,23,10,16,4,20,114
8/13/2021,42,26,9,13,3,23,117
8/14/2021,50,9,9,14,3,21,137
8/15/2021,22,14,9,15,4,22,71
8/16/2021,17,1,9,11,3,24,61
8/17/2021,2,1,9,14,3,22,8
8/18/2021,2,53,10,15,3,21,8
8/19/2021,84,22,9,13,3,24,165
8/20/2021,40,33,9,11,2,25,112
8/21/2021,57,62,9,9,2,24,151
8/22/2021,116,20,10,14,3,24,182
8/23/2021,28,17,9,14,4,22,84
8/24/2021,26,10,9,11,3,20,80
8/25/2021,15,11,9,14,4,19,56
8/26/2021,16,10,10,14,3,21,59
8/27/2021,16,8,9,13,2,25,59
8/28/2021,13,37,11,13,2,31,52
8/29/2021,34,7,10,11,3,23,97
8/30/2021,15,12,9,15,3,27,56
8/31/2021,19,15,10,15,3,35,65
9/1/2021,23,13,9,10,2,28,74
9/2/2021,22,17,10,12,3,27,71
9/3/2021,27,12,9,11,3,28,82
9/4/2021,21,7,9,11,3,21,69
9/5/2021,11,14,9,14,3,36,46
9/6/2021,22,19,9,15,4,20,71
9/7/2021,32,12,9,13,4,20,93
9/8/2021,20,4,9,14,4,27,67
9/9/2021,7,10,9,15,5,36,29
9/10/2021,16,16,9,14,4,59,59
9/11/2021,26,26,10,14,4,105,80
9/12/2021,42,27,9,15,5,36,117
9/13/2021,44,15,9,14,4,22,122
9/14/2021,26,12,9,16,5,19,80
9/15/2021,19,16,9,19,7,19,65
9/16/2021,25,9,9,15,6,20,78
9/17/2021,14,12,10,14,4,19,54
9/18/2021,19,12,9,11,3,20,65
9/19/2021,19,19,10,15,4,33,65
9/20/2021,31,24,11,20,7,29,91
9/21/2021,38,19,12,21,6,19,107
9/22/2021,29,17,11,21,6,26,86
9/23/2021,28,15,10,14,4,17,84
9/24/2021,25,11,9,15,6,18,78
9/25/2021,19,15,9,14,5,21,65
9/26/2021,27,14,9,19,7,34,82
9/27/2021,22,23,10,19,6,37,71
9/28/2021,36,27,11,22,7,56,102
9/29/2021,44,23,11,21,7,48,122
9/30/2021,37,20,11,21,8,20,104
10/1/2021,33,18,10,16,6,19,95
10/2/2021,29,23,10,19,7,32,86
10/3/2021,36,16,10,21,8,31,102
10/4/2021,27,17,10,21,7,26,82
10/5/2021,27,51,10,22,7,35,82
10/6/2021,89,53,10,21,8,44,168
10/7/2021,99,38,10,16,4,42,173
10/8/2021,65,25,10,13,4,22,155
10/9/2021,43,9,9,6,2,22,119
10/10/2021,17,10,9,11,4,19,61
10/11/2021,19,15,10,9,3,32,65
10/12/2021,23,16,10,13,3,13,74
10/13/2021,24,9,9,9,2,15,76
10/14/2021,15,9,9,11,3,12,56
10/15/2021,16,10,9,11,4,17,59
10/16/2021,18,9,10,10,3,16,63
10/17/2021,14,11,13,12,4,9,54
10/18/2021,21,30,9,25,10,12,69
10/19/2021,51,43,10,28,9,21,139
10/20/2021,80,26,10,14,5,17,163
10/21/2021,43,17,10,13,4,23,119
10/22/2021,26,36,10,22,5,36,80
10/23/2021,61,42,10,20,5,43,153
10/24/2021,73,51,11,33,11,56,159
10/25/2021,93,67,14,39,11,66,170
10/26/2021,130,56,11,35,10,66,189
10/27/2021,107,55,11,27,7,21,177
10/28/2021,109,18,10,17,5,21,178
10/29/2021,35,10,10,11,4,18,99
10/30/2021,19,22,10,13,6,13,65
10/31/2021,41,15,10,14,6,9,114
11/1/2021,29,21,10,15,7,8,86
11/2/2021,39,36,11,27,12,11,109
11/3/2021,63,28,10,23,7,13,154
11/4/2021,45,27,10,19,5,13,124
11/5/2021,43,27,10,19,5,8,119
11/6/2021,41,30,10,20,7,9,114
11/7/2021,46,20,10,11,3,14,127
11/8/2021,34,39,12,23,5,19,97
11/9/2021,63,36,11,23,5,22,154
11/10/2021,62,52,12,30,7,23,153
11/11/2021,96,53,13,24,5,24,171
11/12/2021,99,39,11,19,4,25,173
11/13/2021,69,57,12,25,7,27,157
11/14/2021,116,66,16,40,9,16,182
11/15/2021,133,71,13,35,8,9,191
11/16/2021,152,52,11,18,6,8,202
11/17/2021,110,21,10,12,4,16,179
11/18/2021,37,57,13,41,13,9,104
11/19/2021,111,51,10,22,7,10,179
11/20/2021,102,34,10,17,5,10,175
11/21/2021,57,24,11,14,4,13,151
11/22/2021,36,30,10,13,3,13,102
11/23/2021,51,38,11,16,6,15,139
11/24/2021,64,51,11,27,9,11,155
11/25/2021,96,57,11,27,8,16,171
11/26/2021,115,54,12,23,5,28,181
11/27/2021,104,74,14,24,7,8,176
11/28/2021,157,55,12,53,17,27,207
11/29/2021,103,53,16,25,6,23,175
11/30/2021,100,46,13,27,7,26,173
12/1/2021,86,61,15,34,9,29,166
12/2/2021,124,64,13,41,14,26,186
12/3/2021,129,53,14,50,16,26,189
12/4/2021,108,61,13,39,9,30,178
12/5/2021,132,70,13,41,12,29,190
12/6/2021,144,71,17,42,10,24,197
12/7/2021,144,73,17,48,11,22,197
12/8/2021,149,73,12,31,7,17,199
12/9/2021,154,75,14,34,8,20,204
12/10/2021,153,62,11,39,10,17,203
12/11/2021,128,61,12,25,7,24,188
12/12/2021,124,34,12,22,7,14,186
12/13/2021,64,65,13,34,10,38,155
12/14/2021,141,69,16,45,13,14,195
12/15/2021,150,62,12,43,15,17,200
12/16/2021,131,57,12,27,8,17,190
12/17/2021,114,39,12,20,5,18,181
12/18/2021,74,55,13,26,6,14,160
12/19/2021,113,62,15,28,7,17,180
12/20/2021,130,57,12,32,8,15,189
12/21/2021,115,74,12,41,10,17,181
12/22/2021,152,55,14,41,9,15,202
12/23/2021,116,51,14,40,11,13,182
12/24/2021,109,52,14,38,10,10,178
12/25/2021,114,49,15,27,7,10,181
12/26/2021,98,17,11,12,5,3,172
12/27/2021,32,20,12,18,5,11,93
12/28/2021,37,32,12,18,5,6,104
12/29/2021,57,41,11,15,5,11,151
12/30/2021,73,54,11,18,7,7,159
12/31/2021,102,65,13,16,6,7,175
1/1/2022,137,58,12,25,9,14,193
1/2/2022,103,95,12,35,11,8,175
1/3/2022,179,98,12,42,14,13,229
1/4/2022,174,58,12,34,10,8,224
1/5/2022,102,45,12,27,8,8,175
1/6/2022,74,51,13,33,8,12,160
1/7/2022,87,55,14,31,8,11,167
1/8/2022,102,48,12,15,6,5,175
1/9/2022,90,41,11,13,7,4,168
1/10/2022,80,41,12,23,8,12,163
1/11/2022,71,62,16,38,13,4,158
1/12/2022,119,58,13,23,7,6,183
1/13/2022,116,74,16,37,13,3,182
1/14/2022,153,69,12,33,11,5,203
1/15/2022,144,61,12,28,11,6,197
1/16/2022,124,18,11,12,5,6,186
1/17/2022,33,45,13,26,9,19,95
1/18/2022,78,53,14,29,8,17,162
1/19/2022,97,57,13,36,11,7,172
1/20/2022,114,62,15,34,10,3,181
1/21/2022,131,56,12,30,12,4,190
1/22/2022,112,54,12,28,11,7,180
1/23/2022,102,34,12,27,9,7,175
1/24/2022,59,29,11,22,9,7,152
1/25/2022,54,27,11,24,9,7,147
1/26/2022,49,26,11,21,7,8,134
1/27/2022,47,28,11,21,6,10,129
1/28/2022,47,32,11,15,7,9,129
1/29/2022,59,27,11,12,7,10,152
1/30/2022,51,20,11,8,5,12,139
1/31/2022,37,19,11,6,4,12,104
2/1/2022,36,13,11,6,4,9,102
2/2/2022,25,18,11,8,4,14,78
2/3/2022,33,31,11,11,5,16,95
2/4/2022,57,41,11,17,5,16,151
2/5/2022,79,51,11,18,7,13,162
2/6/2022,104,50,12,19,7,9,176
2/7/2022,99,28,11,19,8,6,173
2/8/2022,58,11,11,12,6,5,151
2/9/2022,21,22,12,17,6,4,69
2/10/2022,42,36,12,23,9,4,117
2/11/2022,70,28,12,15,7,4,158
2/12/2022,55,12,11,10,4,7,149
2/13/2022,24,28,12,23,8,11,76
2/14/2022,54,48,15,26,8,7,147
2/15/2022,95,54,12,25,11,4,171
2/16/2022,106,52,12,39,12,4,177
2/17/2022,101,33,12,29,11,4,174
2/18/2022,61,8,11,11,4,11,153
2/19/2022,15,9,11,9,3,14,56
2/20/2022,17,14,11,12,4,13,61
2/21/2022,27,16,11,10,4,12,82
2/22/2022,29,29,12,16,4,17,86
2/23/2022,52,49,13,23,5,19,142
2/24/2022,85,72,14,36,7,17,166
2/25/2022,137,78,15,39,8,19,193
2/26/2022,154,89,13,35,8,23,204
2/27/2022,172,75,14,37,9,15,222
2/28/2022,146,63,13,37,9,14,198
3/1/2022,130,55,13,34,9,15,189
3/2/2022,110,54,14,30,8,9,179
3/3/2022,105,35,12,25,8,7,176
3/4/2022,60,33,12,26,8,5,152
3/5/2022,60,28,12,22,7,5,152
3/6/2022,51,30,12,32,13,14,139
3/7/2022,52,44,12,34,9,19,142
3/8/2022,84,38,13,34,7,15,165
3/9/2022,61,31,13,32,7,7,153
3/10/2022,51,30,12,33,8,7,139
3/11/2022,50,23,12,21,4,8,137
3/12/2022,38,22,12,23,5,7,107
3/13/2022,36,25,12,27,8,7,102
3/14/2022,41,52,12,35,9,11,114
3/15/2022,93,40,12,26,7,7,170
3/16/2022,69,36,12,24,9,8,157
3/17/2022,61,51,13,29,10,9,153
3/18/2022,93,34,12,21,7,8,170
3/19/2022,59,39,12,16,4,7,152
3/20/2022,64,41,12,21,7,9,155
3/21/2022,70,40,12,25,9,11,158
3/22/2022,69,17,12,15,4,9,157
3/23/2022,32,40,13,24,9,7,93
3/24/2022,70,38,12,28,11,6,158
3/25/2022,69,51,12,27,9,19,157
3/26/2022,94,29,14,21,5,9,170
3/27/2022,50,36,13,28,8,7,137
3/28/2022,62,53,16,39,12,3,153
3/29/2022,99,49,13,31,10,6,173
3/30/2022,98,28,13,30,9,10,172
3/31/2022,51,6,12,12,3,18,139
4/1/2022,13,11,13,14,3,23,52
4/2/2022,18,27,14,20,5,24,63
4/3/2022,45,44,16,33,6,21,124
4/4/2022,77,56,17,36,7,27,161
4/5/2022,103,61,15,38,9,36,175
4/6/2022,121,57,17,31,7,29,185
4/7/2022,115,54,18,41,9,35,181
4/8/2022,109,36,14,30,6,21,178
4/9/2022,66,24,13,26,6,13,156
4/10/2022,46,26,13,29,9,6,127
4/11/2022,50,21,12,21,6,6,137
4/12/2022,39,23,15,28,8,17,109
4/13/2022,44,23,13,26,8,8,122
4/14/2022,44,21,12,21,7,8,122
4/15/2022,41,14,12,23,6,7,114
4/16/2022,27,12,12,12,4,4,82
4/17/2022,25,10,12,16,5,6,78
4/18/2022,18,20,15,21,6,19,63
4/19/2022,39,35,17,29,11,19,109
4/20/2022,66,35,17,27,11,18,156
4/21/2022,68,18,15,17,6,9,157
4/22/2022,35,20,15,17,8,8,99
4/23/2022,38,19,14,12,5,9,107
4/24/2022,37,24,15,19,9,8,104
4/25/2022,45,23,15,20,9,7,124
4/26/2022,43,18,15,17,8,7,119
4/27/2022,35,16,14,13,6,7,99
4/28/2022,32,24,15,16,11,7,93
4/29/2022,46,19,14,14,5,6,127
4/30/2022,36,9,13,9,3,7,102
5/1/2022,16,12,13,14,4,9,59
5/2/2022,23,23,13,20,5,9,74
5/3/2022,43,33,13,27,7,15,119
5/4/2022,66,37,13,31,8,14,156
5/5/2022,62,59,14,28,9,12,153
5/6/2022,102,31,13,18,7,6,175
5/7/2022,49,25,13,14,6,6,134
5/8/2022,39,27,13,12,5,6,109
5/9/2022,43,30,13,14,8,6,119
5/10/2022,46,44,14,21,10,8,127
5/11/2022,68,31,14,22,9,8,157
5/12/2022,49,44,14,13,10,10,134
5/13/2022,67,37,13,20,13,19,156
6/16/2022,45,17,14,18,7,7,124
6/17/2022,18,22,14,18,7,9,63
6/18/2022,27,23,14,18,6,8,82
6/19/2022,30,28,14,21,6,8,88
6/20/2022,35,25,14,21,3,7,99
6/21/2022,30,23,14,24,3,10,88
6/22/2022,31,29,14,28,7,11,91
6/23/2022,46,25,14,22,3,7,127
6/24/2022,38,17,14,19,2,6,107
6/25/2022,23,21,14,21,2,7,74
6/26/2022,31,17,14,23,4,7,91
6/27/2022,21,23,14,36,9,13,69
6/28/2022,32,29,14,28,6,16,93
6/29/2022,44,25,14,32,8,8,122
6/30/2022,40,23,14,24,3,11,112
7/1/2022,37,17,14,21,3,9,104
7/2/2022,24,15,14,22,3,11,76
7/3/2022,21,22,14,28,5,11,69
7/4/2022,33,22,14,27,8,8,95
7/5/2022,32,33,14,31,9,10,93
7/6/2022,53,19,14,23,10,6,144
7/7/2022,28,25,14,27,10,6,84
7/8/2022,39,32,14,25,9,6,109
7/9/2022,51,26,14,21,4,8,139
7/10/2022,43,20,14,25,5,6,119
7/11/2022,31,19,15,25,8,6,91
7/12/2022,30,20,15,24,7,7,88
7/13/2022,30,22,15,23,5,6,88
7/14/2022,36,13,15,23,5,6,102
7/15/2022,21,12,14,20,4,6,69
7/16/2022,18,13,15,21,4,7,63
7/17/2022,20,19,15,29,9,6,67
7/18/2022,29,16,15,23,7,5,86
7/19/2022,24,17,15,23,9,5,76
7/20/2022,25,22,15,20,9,5,78
7/21/2022,36,17,15,23,9,2,102
7/22/2022,27,21,15,23,3,2,82
7/23/2022,35,14,15,20,3,2,99
7/24/2022,21,14,15,21,4,2,69
7/25/2022,21,15,15,21,4,2,69
7/26/2022,22,14,15,20,3,2,71
7/27/2022,20,19,15,26,7,3,67
7/28/2022,28,23,15,28,7,3,84
7/29/2022,36,22,15,30,7,5,102
7/30/2022,35,15,15,27,4,2,99
7/31/2022,23,19,15,27,6,3,74
8/1/2022,31,19,16,29,7,3,91
8/2/2022,31,18,15,29,7,5,91
8/3/2022,29,19,15,29,7,3,86
8/4/2022,28,17,15,30,6,4,84
8/5/2022,27,16,15,27,11,2,82
8/6/2022,26,20,15,25,7,3,80
8/7/2022,33,18,15,21,6,6,95
8/8/2022,29,12,15,23,5,7,86
8/9/2022,20,14,15,20,4,8,67
8/10/2022,23,7,15,17,6,6,74
8/11/2022,12,14,15,27,15,5,50
8/12/2022,22,23,15,30,10,8,71
8/13/2022,36,14,15,24,8,7,102
8/14/2022,22,13,15,26,9,5,71
8/15/2022,18,17,15,30,9,8,63
8/16/2022,23,17,15,26,9,6,74
8/17/2022,24,18,15,27,7,11,76
8/18/2022,26,18,15,29,8,14,80
8/19/2022,27,11,15,24,6,7,82
8/20/2022,18,8,15,20,8,5,63
8/21/2022,14,9,15,24,9,5,54
8/22/2022,13,16,15,25,11,5,52
8/23/2022,25,23,15,31,8,14,78
8/24/2022,37,22,15,27,9,7,104
8/25/2022,38,9,15,17,6,7,107
8/26/2022,14,13,15,24,8,7,54
8/27/2022,19,12,15,19,5,7,65
8/28/2022,19,12,15,18,6,7,65
8/29/2022,18,16,15,26,9,5,63
8/30/2022,23,19,15,33,11,6,74
8/31/2022,29,21,15,21,4,8,86
9/1/2022,36,18,15,21,4,12,102
9/2/2022,30,23,15,30,7,13,88
9/3/2022,38,19,15,21,4,9,107
9/4/2022,32,16,15,29,9,11,93
9/5/2022,24,26,15,32,7,18,76
9/6/2022,41,35,15,35,8,18,114
9/7/2022,57,19,15,19,5,7,151
9/8/2022,35,18,15,26,10,6,99
9/9/2022,30,26,15,29,9,10,88
9/10/2022,42,22,15,29,8,6,117
9/11/2022,36,24,15,35,10,11,102
9/12/2022,36,31,15,29,7,19,102
9/13/2022,51,39,15,34,9,18,139
9/14/2022,65,27,16,35,9,8,155
9/15/2022,44,25,16,29,14,4,122
9/16/2022,39,27,16,33,10,4,109
9/17/2022,42,34,16,35,10,16,117
9/18/2022,60,22,16,33,9,14,152
9/19/2022,37,28,16,28,7,11,104
9/20/2022,46,24,16,28,7,8,127
9/21/2022,41,23,16,33,10,5,114
9/22/2022,38,21,15,25,5,14,107
9/23/2022,37,21,16,21,4,10,104
9/24/2022,41,23,15,22,4,11,114
9/25/2022,42,25,16,33,11,14,117
9/26/2022,43,36,16,32,11,17,119
9/27/2022,62,36,16,26,6,7,153
9/28/2022,65,24,16,25,8,7,155
9/29/2022,44,17,16,21,10,5,122
9/30/2022,30,17,16,21,11,5,88
10/1/2022,29,15,16,20,8,5,86
10/2/2022,22,23,16,24,11,6,71
10/3/2022,37,28,16,28,10,7,104
10/4/2022,44,27,16,30,8,6,122
10/5/2022,41,28,16,31,10,7,114
10/6/2022,44,27,16,33,12,6,122
10/7/2022,41,24,16,32,9,8,114
10/8/2022,37,20,16,22,4,6,104
10/9/2022,33,14,16,23,5,10,95
10/10/2022,19,37,16,26,6,14,65
10/11/2022,60,34,16,37,6,20,152
10/12/2022,49,35,16,40,10,22,134
10/13/2022,52,42,17,33,6,20,142
10/14/2022,70,35,16,34,7,23,158
10/15/2022,55,40,16,31,6,19,149
10/16/2022,70,24,16,27,5,20,158
10/17/2022,38,31,16,29,4,25,107
10/18/2022,48,35,16,31,6,14,132
10/19/2022,59,12,16,18,2,10,152
10/20/2022,24,15,16,22,5,4,76
10/21/2022,27,30,16,29,12,8,82
10/22/2022,48,42,17,34,12,12,132
10/23/2022,66,48,17,36,9,19,156
10/24/2022,86,36,16,37,9,14,166
10/25/2022,60,46,16,34,9,10,152
10/26/2022,80,34,17,31,9,6,163
10/27/2022,50,39,17,44,12,8,137
10/28/2022,55,48,17,40,9,21,149
10/29/2022,84,39,16,30,7,16,165
10/30/2022,70,18,17,22,4,10,158
10/31/2022,29,21,17,28,6,13,86
11/1/2022,30,29,17,38,12,17,88
11/2/2022,47,5,18,45,15,20,129
11/3/2022,11,5,19,40,11,17,46
11/4/2022,10,4,18,32,6,19,42
11/5/2022,8,5,18,35,7,22,33
11/6/2022,9,26,18,47,12,7,38
11/7/2022,43,54,18,37,9,18,119
11/8/2022,101,49,18,35,8,18,174
11/9/2022,92,44,19,36,12,2,169
11/10/2022,77,38,19,34,11,2,161
11/11/2022,66,28,19,33,10,4,156
11/12/2022,44,36,19,33,9,3,122
11/13/2022,60,34,19,37,15,4,152
11/14/2022,53,28,19,29,11,2,144
11/15/2022,47,21,19,28,9,3,129
11/16/2022,34,16,19,22,9,3,97
11/17/2022,25,19,18,25,9,3,78
11/18/2022,29,22,17,28,11,3,86
11/19/2022,33,26,17,24,7,7,95
11/20/2022,42,41,17,37,11,4,117
11/21/2022,67,41,17,31,8,7,156
11/22/2022,73,35,17,26,8,6,159
11/23/2022,62,21,17,19,5,2,153
11/24/2022,38,24,17,21,8,1,107
11/25/2022,40,27,17,18,10,2,112
11/26/2022,45,17,17,17,3,3,124
11/27/2022,26,15,17,20,6,3,80
11/28/2022,21,19,17,21,7,4,69
11/29/2022,28,13,17,17,6,3,84
11/30/2022,19,1,17,13,3,1,65
12/1/2022,3,12,17,15,3,4,13
12/2/2022,22,22,17,23,5,5,71
12/3/2022,38,17,17,14,3,2,107
12/4/2022,30,13,17,17,4,3,88
12/5/2022,20,34,17,28,8,5,67
12/6/2022,58,39,17,24,5,7,151
12/7/2022,71,27,17,18,5,2,158
12/8/2022,50,26,17,17,4,2,137
12/9/2022,49,23,17,17,4,2,134
12/10/2022,43,33,17,26,7,7,119
12/11/2022,57,35,17,32,11,15,151
12/12/2022,64,34,17,45,9,11,155
12/13/2022,56,31,17,33,7,17,150
12/14/2022,53,35,18,47,9,14,144
12/15/2022,59,40,18,44,9,22,152
12/16/2022,72,19,17,25,4,13,159
12/17/2022,31,13,17,25,3,15,91
12/18/2022,21,30,17,41,8,14,69
12/19/2022,52,41,17,49,9,9,142
12/20/2022,70,29,18,40,13,18,158
12/21/2022,49,40,18,41,9,17,134
12/22/2022,71,28,18,45,8,8,158
12/23/2022,49,21,18,44,8,16,134
12/24/2022,39,19,18,42,7,8,109
12/25/2022,36,11,18,43,10,6,102
12/26/2022,23,9,18,43,10,5,74
12/27/2022,19,10,18,27,4,4,65
12/28/2022,20,19,18,17,4,5,67
12/29/2022,53,33,18,21,5,5,144
12/30/2022,94,47,18,23,5,5,170
12/31/2022,129,54,18,32,7,11,189
1/1/2023,144,66,18,28,6,8,197
1/2/2023,164,59,18,29,8,4,214
1/3/2023,123,100,18,37,11,3,186
1/4/2023,173,81,18,31,8,5,223
1/5/2023,153,56,18,20,4,9,203
1/6/2023,97,75,18,36,11,10,172
1/7/2023,137,118,18,43,10,11,193
1/8/2023,197,114,18,39,11,10,247
1/9/2023,195,104,18,31,9,3,245
1/10/2023,178,81,18,21,10,2,228
1/11/2023,148,57,18,19,10,1,199
1/12/2023,98,62,18,23,11,2,172
1/13/2023,108,77,18,24,9,10,178
1/14/2023,136,62,18,16,6,5,192
1/15/2023,107,33,17,13,5,6,177
1/16/2023,50,62,18,8,4,6,137
1/17/2023,102,65,18,9,6,9,175
1/18/2023,108,91,18,10,8,7,178
1/19/2023,160,99,18,9,9,7,210
1/20/2023,177,121,18,14,7,17,227
1/21/2023,197,120,18,14,7,8,247
1/22/2023,207,86,18,15,5,4,257
1/23/2023,151,50,17,10,2,13,201
1/24/2023,68,67,18,12,3,11,157
1/25/2023,112,82,18,9,5,7,180
1/26/2023,143,72,18,10,4,10,196
1/27/2023,127,68,18,12,4,14,188
1/28/2023,107,88,18,15,9,16,177
1/29/2023,150,115,18,28,7,14,200
1/30/2023,187,89,18,36,9,7,237
1/31/2023,155,75,18,35,9,7,205
2/1/2023,136,64,18,29,9,2,192
2/2/2023,107,37,13,20,13,19,177
2/9/2023,121,51,20,24,7,5,185
2/10/2023,140,40,20,16,3,7,195
2/11/2023,52,51,19,20,4,7,142
2/12/2023,68,61,20,31,10,7,157
2/13/2023,88,55,20,23,5,7,167
2/14/2023,71,61,20,23,4,11,158
2/15/2023,100,73,20,27,5,11,173
2/16/2023,130,111,21,41,10,8,189
2/17/2023,179,79,21,42,9,7,229
2/18/2023,129,84,20,26,5,7,189
2/19/2023,145,69,20,29,7,17,197
2/20/2023,121,87,20,46,10,13,185
2/21/2023,149,71,20,38,8,14,199
2/22/2023,99,74,20,41,8,9,173
2/23/2023,99,37,13,20,13,19,173
2/24/2023,126,49,20,33,7,22,187
2/25/2023,124,73,21,31,4,25,186
2/26/2023,123,94,21,42,7,20,186
2/27/2023,159,92,22,44,8,15,209
2/28/2023,151,81,22,39,9,6,201
3/1/2023,123,110,22,38,7,25,186
3/2/2023,183,110,20,45,8,17,233
3/3/2023,172,77,17,26,4,19,222
3/4/2023,128,98,17,32,6,19,188
3/5/2023,167,91,17,39,7,19,217
3/6/2023,143,71,17,33,6,19,196
3/7/2023,98,68,18,38,11,14,172
3/8/2023,88,90,18,29,6,19,167
3/9/2023,148,88,18,32,6,12,199
3/10/2023,133,73,18,34,9,7,191
3/11/2023,104,79,18,34,6,15,176
3/12/2023,122,73,17,16,2,19,185
3/13/2023,67,94,17,29,4,21,156
3/14/2023,118,97,18,37,9,12,183
3/15/2023,136,64,18,26,5,11,192
3/16/2023,76,56,18,25,7,9,161
3/17/2023,65,56,17,25,5,8,155
3/18/2023,64,52,17,19,3,8,155
3/19/2023,60,53,17,21,5,8,152
3/20/2023,66,60,18,31,11,9,156
3/21/2023,87,78,18,31,8,15,167
3/22/2023,132,78,18,33,10,15,190
3/23/2023,117,77,18,31,9,11,182
3/24/2023,120,66,18,26,9,11,184
3/25/2023,90,51,19,18,4,6,168
3/26/2023,56,44,19,19,5,7,150
3/27/2023,54,57,19,22,5,7,147
3/28/2023,67,50,19,21,6,8,156
3/29/2023,69,60,19,26,7,5,157
3/30/2023,79,88,20,41,14,5,162
3/31/2023,135,68,21,37,13,5,192
4/1/2023,104,49,20,26,9,9,176
4/2/2023,69,54,18,25,9,11,157
4/3/2023,72,70,19,30,12,12,159
4/4/2023,95,77,18,30,8,12,171
4/5/2023,121,70,18,27,8,13,185
4/6/2023,105,69,18,31,7,10,176
4/7/2023,91,73,18,24,3,15,169
4/8/2023,103,71,19,28,6,9,175
4/9/2023,108,59,19,33,10,5,178
4/10/2023,99,61,19,31,11,7,173
4/11/2023,101,60,19,32,12,9,174
4/12/2023,94,45,18,28,8,10,170
4/13/2023,61,48,18,32,13,11,153
4/14/2023,71,68,18,31,11,12,158
4/15/2023,105,74,18,34,9,10,176
4/16/2023,99,70,17,25,6,12,173
4/17/2023,100,60,18,24,13,13,173
4/18/2023,84,83,18,27,11,19,165
4/19/2023,122,87,19,40,12,18,185
4/20/2023,127,85,18,40,11,17,188
4/21/2023,130,77,18,24,8,17,189
4/22/2023,109,61,17,21,5,17,178
4/23/2023,83,59,18,21,7,18,165
4/24/2023,72,46,17,25,4,16,159
4/25/2023,42,55,18,29,5,12,117
4/26/2023,68,66,18,32,5,13,157
4/27/2023,96,54,18,22,5,12,171
4/28/2023,58,46,18,25,4,12,151
4/29/2023,41,57,18,25,3,12,114
4/30/2023,53,80,18,26,3,22,144
5/1/2023,100,67,18,21,2,16,173
5/2/2023,70,45,17,14,1,14,158
5/3/2023,45,49,17,16,5,20,124
5/4/2023,60,63,18,24,8,25,152
5/5/2023,77,72,18,22,6,31,161
5/6/2023,99,66,18,21,4,25,173
5/7/2023,90,47,18,27,5,69,168
5/8/2023,51,58,19,30,10,25,139
5/9/2023,83,54,18,26,9,34,165
5/10/2023,74,44,18,32,7,60,160
5/11/2023,40,40,18,26,7,14,112
5/12/2023,41,32,18,18,2,18,114
5/13/2023,35,39,18,25,6,19,99
5/14/2023,56,52,18,29,6,33,150
5/15/2023,67,50,18,23,6,36,156
5/16/2023,65,72,18,29,7,39,155
5/17/2023,103,81,19,24,8,36,175
5/18/2023,122,67,19,44,8,38,185
5/19/2023,96,68,18,24,6,102,171
5/20/2023,104,63,18,21,5,102,176
5/21/2023,92,67,18,24,8,126,169
5/22/2023,95,65,18,27,6,103,171
5/23/2023,91,62,18,21,5,74,169
5/24/2023,90,51,18,33,9,53,168
5/25/2023,59,50,19,25,9,46,152
5/26/2023,56,47,18,22,7,61,150
5/27/2023,49,39,18,18,5,55,134
5/28/2023,46,53,18,33,8,77,127
5/29/2023,62,58,19,31,8,49,153
5/30/2023,69,62,19,27,7,41,157
5/31/2023,86,61,19,23,7,80,166
6/1/2023,95,61,19,32,9,92,171
6/2/2023,82,57,18,25,6,34,164
6/3/2023,72,59,18,30,6,36,159
6/4/2023,75,57,19,33,10,28,160
6/5/2023,83,55,19,21,7,37,165
6/6/2023,77,52,19,23,5,60,161
6/7/2023,75,65,19,31,9,40,160
6/8/2023,114,40,18,22,8,25,181
6/9/2023,47,61,18,32,9,24,129
6/10/2023,89,67,18,19,5,29,168
6/11/2023,115,65,19,29,12,22,181
6/12/2023,101,49,18,20,5,26,174
6/13/2023,78,35,18,19,6,15,162
6/14/2023,42,44,18,26,9,40,117
6/15/2023,51,53,18,34,9,135,139
6/16/2023,58,49,18,24,6,19,151
6/17/2023,47,39,18,22,7,19,129
6/18/2023,41,55,19,29,10,19,114
6/19/2023,54,57,19,30,10,21,147
6/20/2023,66,56,19,31,10,127,156
6/21/2023,62,65,19,37,13,138,153
6/22/2023,78,41,18,22,6,13,162
6/23/2023,49,40,19,24,11,19,134
6/24/2023,45,22,18,20,7,19,124
6/25/2023,25,50,19,28,12,19,78
6/26/2023,60,53,19,27,10,19,152
6/27/2023,57,35,19,20,6,19,151
6/28/2023,36,36,18,17,5,19,102
6/29/2023,41,47,18,25,8,19,114
6/30/2023,50,52,18,25,8,19,137
7/1/2023,61,52,18,22,8,19,153
7/2/2023,56,54,19,29,11,19,150
7/3/2023,64,47,19,24,7,19,155
7/4/2023,57,49,19,27,10,19,151
7/5/2023,51,44,19,19,6,19,139
7/6/2023,41,39,19,21,4,19,114
7/7/2023,34,36,19,18,5,19,97
7/8/2023,35,39,19,26,6,19,99
7/9/2023,30,46,19,28,7,19,88
7/10/2023,46,44,19,27,7,16,127
7/11/2023,48,41,19,30,6,11,132
7/12/2023,42,49,19,32,8,16,117
7/13/2023,56,45,19,26,7,11,150
7/14/2023,52,51,19,27,6,15,142
7/15/2023,68,59,19,27,6,21,157
7/16/2023,79,74,19,31,7,25,162
7/17/2023,105,61,19,23,4,19,176
7/18/2023,82,41,19,31,9,10,164
7/19/2023,60,57,19,28,10,8,152
7/20/2023,81,55,19,26,8,8,163
7/21/2023,74,46,19,24,6,8,160
7/22/2023,48,35,19,20,4,8,132
7/23/2023,33,41,19,25,7,8,95
7/24/2023,42,41,19,26,7,8,117
7/25/2023,39,49,19,28,7,15,109
7/26/2023,55,57,20,29,8,19,149
7/27/2023,76,53,19,29,7,11,161
7/28/2023,64,54,19,26,7,18,155
7/29/2023,77,54,19,29,8,8,161
7/30/2023,71,47,19,31,10,7,158
7/31/2023,60,39,19,29,10,9,152
8/1/2023,55,52,19,27,8,8,149
8/2/2023,67,48,19,21,7,8,156
8/3/2023,58,33,20,26,10,6,151
8/4/2023,43,37,20,23,10,7,119
8/5/2023,52,44,20,25,9,7,142
8/6/2023,43,49,20,27,10,6,119
8/7/2023,50,53,20,30,10,6,137
8/8/2023,53,52,20,26,9,9,144
8/9/2023,68,55,20,30,11,7,157
8/10/2023,76,63,21,33,13,6,161
8/11/2023,94,58,20,28,9,8,170
8/12/2023,73,55,19,24,5,12,159
8/13/2023,75,49,20,32,8,11,160
8/14/2023,54,42,19,30,8,11,147
8/15/2023,58,61,20,36,11,7,151
8/16/2023,80,62,20,29,9,13,163
8/17/2023,86,53,20,28,8,12,166
8/18/2023,63,64,20,38,12,7,154
8/19/2023,92,47,20,27,9,6,169
8/20/2023,57,55,20,35,11,6,151
8/21/2023,67,55,20,31,9,8,156
8/22/2023,63,55,19,27,7,16,154
8/23/2023,70,45,18,30,8,8,158
8/24/2023,59,55,19,26,7,9,152
8/25/2023,79,43,20,28,8,8,162
8/26/2023,50,54,20,28,9,12,137
8/27/2023,71,35,20,23,7,9,158
8/28/2023,45,46,19,22,6,10,124
8/29/2023,62,41,19,22,5,20,153
8/30/2023,53,55,19,29,6,26,144
8/31/2023,88,64,19,26,5,25,167
9/1/2023,104,60,19,23,5,23,176
9/2/2023,104,55,20,24,5,15,176
9/3/2023,81,26,19,18,3,9,163
9/4/2023,37,42,20,25,7,10,104
9/5/2023,57,64,20,25,6,12,151
9/6/2023,98,58,20,22,6,20,172
9/7/2023,92,43,19,19,4,14,169
9/8/2023,59,49,20,23,7,12,152
9/9/2023,70,59,19,22,6,12,158
9/10/2023,98,61,20,27,8,11,172
9/11/2023,90,60,20,33,9,7,168
9/12/2023,93,32,19,17,4,9,170
9/13/2023,43,13,19,15,3,8,119
9/14/2023,31,4,19,19,5,9,91
9/15/2023,51,37,19,24,7,8,139
9/16/2023,77,37,20,26,7,7,161
9/17/2023,78,37,20,30,10,7,162
9/18/2023,65,14,19,25,8,7,155
9/19/2023,50,21,20,21,7,7,137
9/20/2023,31,25,20,21,7,6,91
9/21/2023,35,24,20,23,6,6,99
9/22/2023,35,26,20,25,7,6,99
9/23/2023,37,38,20,28,7,6,104
9/24/2023,58,51,20,24,6,8,151
9/25/2023,86,48,20,21,5,6,166
9/26/2023,77,23,20,19,6,6,161
9/27/2023,34,29,20,21,6,6,97
9/28/2023,43,51,20,25,8,8,119
9/29/2023,81,59,20,22,6,9,163
9/30/2023,105,41,20,25,6,6,176
10/1/2023,70,47,20,31,9,7,158
10/2/2023,77,53,20,31,8,12,161
10/3/2023,91,53,21,30,8,11,169
10/4/2023,90,50,20,27,8,9,168
10/5/2023,71,53,20,24,7,7,158
10/6/2023,67,46,20,19,6,7,156
10/7/2023,60,28,19,18,4,20,152
10/8/2023,41,39,19,20,4,20,114
10/9/2023,63,35,19,20,4,19,154
10/10/2023,50,43,20,22,5,19,137
10/11/2023,66,37,20,19,4,11,156
10/12/2023,57,49,20,24,6,15,151
10/13/2023,80,56,21,20,5,17,163
10/14/2023,96,34,20,17,4,20,171
10/15/2023,50,58,20,27,7,23,137
10/16/2023,107,68,21,31,8,37,177
10/17/2023,127,76,22,33,9,23,188
10/18/2023,140,76,22,27,7,18,195
10/19/2023,132,39,20,13,3,8,190
10/20/2023,70,38,22,22,20,5,158
10/21/2023,49,48,23,25,20,5,134
10/22/2023,76,64,17,27,21,7,161
10/23/2023,117,74,15,32,22,8,182
10/24/2023,133,79,17,30,22,8,191
10/25/2023,148,62,11,37,22,9,199
10/26/2023,98,86,15,39,23,9,172
10/27/2023,155,53,9,21,22,5,205
10/28/2023,77,41,8,17,21,4,161
10/29/2023,67,36,12,27,22,9,156
10/30/2023,50,62,21,29,28,9,137
10/31/2023,113,68,24,27,24,6,180
11/1/2023,124,79,25,36,28,8,186
11/2/2023,142,62,13,27,30,7,196
11/3/2023,98,46,7,21,26,6,172
11/4/2023,52,46,7,20,24,5,142
11/5/2023,52,51,7,25,26,7,142
11/6/2023,63,35,7,19,30,5,154
11/7/2023,45,54,5,17,31,5,124